,First ,Last,Full_Name
0,Adair,Abbott,Colin Swanson
1,Adaline,Acevedo,Charita Garner
2,Adam,Acosta,Godfrey Lynch
3,Adams,Adams,Augustine Leon
4,Adara,Adkins,Constanta Dyer
5,Addie,Aguilar,Goldy Roberts
6,Addie,Aguirre,Myron Lawrence
7,Addis,Albert,Jonah Hodges
8,Adel,Alexander,Olivia Bradley
9,Adela,Alford,Weylin Eaton
10,Adelaide,Allen,Tiffani Mclean
11,Adele,Allison,Pia Zamora
12,Adelice,Alston,Marshal Buckley
13,Adelina,Alvarado,Jessalin Odom
14,Adelind,Alvarez,Herb Riddle
15,Adeline,Anderson,Manny Solis
16,Adella,Andrews,Nidia Schneider
17,Adelle,Anthony,Maure Harrell
18,Adena,Armstrong,Jehanna Newman
19,Adey,Arnold,Renelle Mathews
20,Adger,Ashley,Alayne Rocha
21,Adi,Atkins,Alena Mccullough
22,Adiana,Atkinson,Lemmy Price
23,Adina,Austin,Annette Lott
24,Aditya,Avery,Missy Duran
25,Adlai,Avila,Marla Lucas
26,Adnan,Ayala,Vallie Castro
27,Adolf,Ayers,Rosalinda Barber
28,Adolfo,Bailey,Ruthann Anthony
29,Adolph,Baird,Tally Lowe
30,Adolphe,Baker,Sioux Zamora
31,Adolpho,Baldwin,Johan Kramer
32,Adolphus,Ball,Marilu Shepherd
33,Adora,Ballard,Ann-Mari Edwards
34,Adore,Banks,Hilbert Hudson
35,Adoree,Barber,Fitz Hebert
36,Adorne,Barker,Wylma Castaneda
37,Adrea,Barlow,Flin Stevens
38,Adria,Barnes,Carlotta Nolan
39,Adriaens,Barnett,Morissa Floyd
40,Adrian,Barr,Annalisa Santana
41,Adrian,Barrera,Norma Morin
42,Adriana,Barrett,Coreen Gilmore
43,Adriane,Barron,Sean David
44,Adrianna,Barry,Berchtold Kinney
45,Adrianne,Bartlett,Kassia Briggs
46,Adrick,Barton,Maggie Fernandez
47,Adrien,Bass,Tori Nielsen
48,Adrien,Bates,Bunny Franco
49,Adriena,Battle,Barbara Rogers
50,Adrienne,Bauer,Celia Glover
51,Aeriel,Baxter,Alexia Rich
52,Aeriela,Beach,Shelley Sharpe
53,Aeriell,Bean,Niels Cummings
54,Ag,Beard,Betta Gallegos
55,Agace,Beasley,Samuela Mcdonald
56,Agamemnon,Beck,Susann Guthrie
57,Agata,Becker,Salim Russo
58,Agatha,Bell,Antonius Boyd
59,Agathe,Bender,Aurelea Slater
60,Aggi,Benjamin,Michaelina Klein
61,Aggie,Bennett,Shel Glenn
62,Aggy,Benson,Cammy Frost
63,Agna,Bentley,Mora Weber
64,Agnella,Benton,Ardith Foster
65,Agnes,Berg,Valeda Sandoval
66,Agnese,Berger,Naoma Key
67,Agnesse,Bernard,Finley Bell
68,Agneta,Berry,Michele Macdonald
69,Agnola,Best,Myles Holloway
70,Agretha,Bird,Chalmers Byers
71,Aguinaldo,Bishop,Clare Weaver
72,Aguste,Black,Pollyanna Valdez
73,Agustin,Blackburn,Nicky Strickland
74,Aharon,Blackwell,Sula Branch
75,Ahmad,Blair,Raul Johnson
76,Ahmed,Blake,Collins Shaffer
77,Ahmet,Blanchard,Elyn Weiss
78,Aida,Blankenship,Wendi Huff
79,Aidan,Blevins,Godiva Peters
80,Aigneis,Bolton,Clifton Larson
81,Aila,Bond,Pierre Cooley
82,Aile,Bonner,Cleopatra Mcbride
83,Ailee,Booker,Iain Young
84,Aileen,Boone,Fidela Ferguson
85,Ailene,Booth,Joleen Francis
86,Ailey,Bowen,Bronson O'neil
87,Aili,Bowers,Selena Cote
88,Ailina,Bowman,Brigitta Kane
89,Ailyn,Boyd,Cindy Harvey
90,Aime,Boyer,Carrie Lindsey
91,Aimee,Boyle,Roanne Bryan
92,Aimil,Bradford,Olga Barlow
93,Aina,Bradley,Roni Cannon
94,Aindrea,Bradshaw,Kristine Houston
95,Ainslee,Brady,Ardith Leonard
96,Ainsley,Branch,Robena Mccullough
97,Ainslie,Bray,Morris Wilkerson
98,Ajai,Brennan,Marisa Garner
99,Ajay,Brewer,Moishe Alexander
100,Ajay,Bridges,Traver Frederick
101,Al,Briggs,Maison Hodges
102,Alaa,Bright,Yehudit Riggs
103,Alain,Britt,Nunzio Rocha
104,Alaine,Brock,Cecil Norris
105,Alameda,Brooks,Dolores Acevedo
106,Alan,Brown,Sybil Tyler
107,Alana,Browning,Adrienne Beck
108,Alanah,Bruce,Elric Burt
109,Alane,Bryan,Aziz Raymond
110,Alanna,Bryant,Hillard England
111,Alasdair,Buchanan,Reta Mcintosh
112,Alastair,Buck,Ray Shepard
113,Alayne,Buckley,Nanci Koch
114,Albatros,Buckner,Viola Beard
115,Albert,Bullock,Arda Mcgowan
116,Alberta,Burch,Othella Winters
117,Albertina,Burgess,Barnaby Vaughan
118,Albertine,Burke,Maison Banks
119,Alberto,Burks,Karon Henson
120,Albina,Burnett,Joceline Guerrero
121,Albrecht,Burns,Beitris Boyd
122,Alden,Burris,Agnella Velasquez
123,Aldis,Burt,Erik Stevenson
124,Aldo,Burton,Ernaline Bradshaw
125,Aldric,Bush,Katlin Douglas
126,Aldrich,Butler,Candra Lane
127,Aldus,Byers,Maribel Moran
128,Aldwin,Byrd,Lynea Beck
129,Alec,Cabrera,Rosalie Rose
130,Alecia,Cain,Jay Robertson
131,Aleck,Calderon,Bridie Carrillo
132,Aleda,Caldwell,Shane Wade
133,Aleece,Calhoun,Rosanna Acosta
134,Aleecia,Callahan,Laurie Kane
135,Aleen,Camacho,Mohan Wiley
136,Alejandra,Cameron,Rebbecca Sosa
137,Alejandrina,Campbell,Sherill Farmer
138,Alejandro,Campos,Rosalie Bates
139,Aleks,Cannon,Lizabeth Bullock
140,Aleksandrs,Cantrell,Yevette Rich
141,Alena,Cantu,Brunella Espinoza
142,Alene,Cardenas,Ariella Guthrie
143,Alessandra,Carey,Michal Charles
144,Alessandro,Carlson,Vere Jacobs
145,Aleta,Carney,Marilu Leach
146,Alethea,Carpenter,Noe Suarez
147,Alex,Carr,Jenelle Mcclain
148,Alex,Carrillo,Erek Greer
149,Alexa,Carroll,Melessa Klein
150,Alexander,Carson,Helene Lang
151,Alexandra,Carter,Maura Farrell
152,Alexandrina,Carver,Ari Guzman
153,Alexei,Case,Octavia Gaines
154,Alexi,Casey,Charmane Miles
155,Alexia,Cash,Rosemonde Rosario
156,Alexina,Castaneda,Adrian Daniel
157,Alexine,Castillo,Tabbatha Shaffer
158,Alexis,Castro,Oran Lawrence
159,Alexis,Cervantes,Sephira Barron
160,Alf,Chambers,Alvin Patel
161,Alfie,Chan,Veriee Cunningham
162,Alfie,Chandler,Jayne Combs
163,Alfonse,Chaney,Hugo Jimenez
164,Alfonso,Chang,Melicent Washington
165,Alfonzo,Chapman,Jerrylee Randall
166,Alford,Charles,Pippy Rosario
167,Alfred,Chase,Rosabella Bernard
168,Alfreda,Chavez,Hoyt Walter
169,Alfredo,Chen,Lanette Durham
170,Algernon,Cherry,Philippine Molina
171,Ali,Christensen,Eolande Allison
172,Ali,Christian,Wolfie Ryan
173,Alia,Church,Shelly Richardson
174,Alic,Clark,Selle Terry
175,Alica,Clarke,Tracey Rogers
176,Alice,Clay,Bubba Mendoza
177,Alicea,Clayton,Aggi Farmer
178,Alicia,Clements,Karine Adkins
179,Alida,Clemons,Corinna Slater
180,Alidia,Cleveland,Hilton James
181,Alina,Cline,Lolita Waller
182,Aline,Cobb,Theodoric Hodges
183,Alis,Cochran,Thad Macdonald
184,Alisa,Coffey,Ronalda Bender
185,Alisha,Cohen,Brunhilde Shelton
186,Alison,Cole,Nita Cote
187,Alissa,Coleman,Carri Mcgee
188,Alister,Collier,Leighton Tillman
189,Alisun,Collins,Tharen Alford
190,Alix,Colon,Michelle Hill
191,Alix,Combs,Nancee Fowler
192,Aliza,Compton,Godfry Booker
193,Alla,Conley,Rudolfo Roman
194,Allah,Conner,Lise Gallegos
195,Allan,Conrad,Feodora Levy
196,Alleen,Contreras,Susy Rivers
197,Allegra,Conway,Robyn Francis
198,Allen,Cook,Miguela Roman
199,Allene,Cooke,Thatcher Hickman
200,Alley,Cooley,Honey Blackburn
201,Alli,Cooper,Verna Chan
202,Allianora,Copeland,Hynda Farley
203,Allie,Cortez,Melanie Crosby
204,Allie,Cote,Katleen Gallegos
205,Allin,Cotton,Sharai Velazquez
206,Allina,Cox,Wat O'neil
207,Allis,Craft,Lenora Cohen
208,Allison,Craig,Alidia Nolan
209,Allissa,Crane,Margarette Wong
210,Allsun,Crawford,Hunt Justice
211,Ally,Crosby,Karlotta Harvey
212,Allyce,Cross,Morgan Snider
213,Allyn,Cruz,Raven Watkins
214,Allyn,Cummings,Alecia Key
215,Allys,Cunningham,Errol Palmer
216,Allyson,Curry,Chad Vasquez
217,Alma,Curtis,Hedy Gordon
218,Almeda,Dale,Kristy Kaufman
219,Almeria,Dalton,Charleton Hahn
220,Almeta,Daniel,Valry Whitley
221,Almira,Daniels,Aron Hampton
222,Almire,Daugherty,Alissa Lamb
223,Aloise,Davenport,Beth Wall
224,Aloisia,David,Phil Dale
225,Alonso,Davidson,Bartholomeus James
226,Alonzo,Davis,Annalena Garrett
227,Aloysia,Dawson,Marsh Robbins
228,Aloysius,Day,Andria Skinner
229,Alpa,Dean,Lin Greer
230,Alphonse,Decker,Carissa Valenzuela
231,Alphonso,Dejesus,Godart Farrell
232,Alston,Delacruz,Celestyn Mckay
233,Alta,Delaney,Sharyl Walsh
234,Althea,Deleon,Ardis Hoover
235,Alton,Delgado,Vic Lewis
236,Alvera,Dennis,Seth Potts
237,Alvin,Diaz,Scotty Gallegos
238,Alvina,Dickerson,Nathalie Vargas
239,Alvinia,Dickson,Carin Wilkins
240,Alvira,Dillard,Cherri Weaver
241,Alwin,Dillon,Katina Pugh
242,Alyce,Dixon,Kate Bray
243,Alyda,Dodson,Casie Bradshaw
244,Alys,Dominguez,Julie Price
245,Alysa,Donaldson,Morgan Stuart
246,Alyse,Donovan,Ronnie Kidd
247,Alysia,Dorsey,Natale Landry
248,Andria,Dotson,Aleksandrs Houston
249,Andriana,Douglas,Trudi Castaneda
250,Andriette,Downs,Johan Alvarez
251,Andromache,Doyle,Margalit Greene
252,Andromeda,Drake,Claire Dillon
253,Andros,Dudley,Megan Michael
254,Andrus,Duffy,Mark Glass
255,Andrzej,Duke,Meggan Johns
256,Andy,Duncan,Brinkley Mcconnell
257,Andy,Dunlap,Misha Fitzgerald
258,Anestassia,Dunn,Shirlene Vargas
259,Anet,Duran,Rennie Cantrell
260,Anett,Durham,Kala Hodge
261,Anetta,Dyer,Brice Murray
262,Anette,Eaton,Philippe Mathis
263,Ange,Edwards,Chevy Stone
264,Angel,Elliott,Ryann Manning
265,Angel,Ellis,Jorey Fischer
266,Angela,Ellison,Vinod Vinson
267,Angele,Emerson,Haven Carrillo
268,Angelia,England,Shelagh Hester
269,Angelica,English,Jasmin Simon
270,Angelico,Erickson,Liz Bird
271,Angelika,Espinoza,Cliff Gentry
272,Angelina,Estes,Emlyn Gregory
273,Angeline,Estrada,Valerye Levy
274,Angelique,Evans,Mattie Valenzuela
275,Angelita,Everett,Layney Allison
276,Angelle,Ewing,Roby Luna
277,Angelo,Farley,Johan Hicks
278,Angie,Farmer,Dore Greer
279,Angie,Farrell,Josselyn Davenport
280,Angil,Faulkner,Moyna Hurst
281,Angus,Ferguson,Rhianon Nichols
282,Angy,Fernandez,Moe Shaw
283,Ania,Ferrell,Vita Briggs
284,Anica,Fields,Joline Austin
285,Anissa,Figueroa,Lita Stevens
286,Anita,Finch,Othello Dyer
287,Anitra,Finley,Vick Moran
288,Anja,Fischer,Linnea Sheppard
289,Anjanette,Fisher,Vicky Weaver
290,Anjela,Fitzgerald,Myrtie Butler
291,Ann,Fitzpatrick,Glennis Bond
292,Ann-Mari,Fleming,Engelbart Kirkland
293,Ann-Marie,Fletcher,Madona Stevenson
294,Anna,Flores,Cookie Casey
295,Anna-Diana,Flowers,Mariann Mcguire
296,Anna-Diane,Floyd,Marmaduke Rasmussen
297,Anna-Maria,Flynn,Eloise Fuentes
298,Annabal,Foley,Roxanna Solomon
299,Annabel,Forbes,Herminia Roberson
300,Annabela,Ford,Gladi Sexton
301,Annabell,Foreman,Willdon Espinoza
302,Annabella,Foster,Suzann Bates
303,Annabelle,Fowler,Judson Solis
304,Annadiana,Fox,Lyndy Hancock
305,Annadiane,Francis,Katlin Kidd
306,Annalee,Franco,Jessamyn Garner
307,Annalena,Frank,Sidonnie Hopper
308,Annaliese,Franklin,Alix Robbins
309,Annalisa,Franks,Aleksandrs Salas
310,Annalise,Frazier,Ernst Hewitt
311,Annalyse,Frederick,Krystal Wheeler
312,Annamari,Freeman,Laurel Russell
313,Annamaria,French,Jaquelin Hancock
314,Annamarie,Frost,Wittie Morris
315,Anne,Fry,Mikako Henson
316,Anne-Corinne,Frye,Emmalynne Wood
317,Anne-Mar,Fuentes,Susann Goodwin
318,Anne-Marie,Fuller,Bekki Mayo
319,Annecorinne,Fulton,Dody Beach
320,Anneliese,Gaines,Coral Rivers
321,Annelise,Gallagher,Ginger Bridges
322,Annemarie,Gallegos,Roda Leon
323,Annetta,Galloway,Minny Marsh
324,Annette,Gamble,Rey Harrison
325,Anni,Garcia,Winslow Rojas
326,Annice,Gardner,Dana Carroll
327,Annie,Garner,Bennie Bowman
328,Annissa,Garrett,Maegan Yang
329,Annmaria,Garrison,Larisa Pierce
330,Annmarie,Garza,Shauna Alford
331,Annnora,Gates,Karrah Lee
332,Annora,Gay,Hellene Avery
333,Anny,Gentry,Noe Stein
334,Ansel,George,Idalia Salas
335,Ansell,Gibbs,Carree Vasquez
336,Anselm,Gibson,Adena Crane
337,Anselma,Gilbert,Whitaker Burt
338,Ansley,Giles,Ginnifer Herring
339,Anson,Gill,Yvonne Estes
340,Anstice,Gillespie,Oralle Hubbard
341,Anthe,Gilliam,Raymundo O'neil
342,Anthea,Gilmore,Natka Bond
343,Anthia,Glass,Justine Haney
344,Anthony,Glenn,Emmy Delaney
345,Antin,Glover,Benjie Morgan
346,Antoine,Goff,Omar Rios
347,Antoinette,Golden,Nixie Payne
348,Anton,Gomez,Alvin Chan
349,Antone,Gonzales,Marcile Bartlett
350,Antonella,Gonzalez,Clarita Stuart
351,Antonetta,Good,Cloe Fowler
352,Antoni,Goodman,Nils Waller
353,Antonia,Goodwin,Mayda Keith
354,Antonie,Gordon,Moreen Parks
355,Antonietta,Gould,Luke Burns
356,Antonin,Graham,Lissa Eaton
357,Antonina,Grant,Pippa Maynard
358,Antonino,Graves,Maribeth Rose
359,Antonio,Gray,Emmit Cain
360,Antonius,Green,Alane Duran
361,Antony,Greene,Tracey Gonzales
362,Anurag,Greer,Otho Wiggins
363,Anya,Gregory,Marty Rutledge
364,Aphrodite,Griffin,Erick Pratt
365,Apollo,Griffith,Cam Grant
366,Apostolos,Grimes,Lauralee Booker
367,Appolonia,Gross,Marlo Everett
368,April,Guerra,Hilarie Arnold
369,Aprilette,Guerrero,Wandis Davidson
370,Ara,Guthrie,Viole Poole
371,Arabel,Gutierrez,Wildon Morgan
372,Arabela,Guy,Malva Sheppard
373,Arabele,Guzman,Terry Alston
374,Arabella,Hahn,Annalise Phelps
375,Arabelle,Hale,Cloe Vaughan
376,Aram,Haley,Maressa Lawson
377,Archibald,Hall,Lonee Guthrie
378,Archibold,Hamilton,Jerrie Stephenson
379,Archie,Hammond,Lola Carney
380,Archon,Hampton,Vite Bright
381,Archy,Hancock,Allene Sargent
382,Arda,Haney,Lamb Potter
383,Ardath,Hansen,Burl Gilbert
384,Ardeen,Hanson,Joy Gutierrez
385,Ardelia,Hardin,Vena Hester
386,Ardelis,Harding,Meg Baxter
387,Ardella,Hardy,Mart Wyatt
388,Ardelle,Harmon,Hersch Fernandez
389,Arden,Harper,Jess Mccoy
390,Ardene,Harrell,Brit Burton
391,Ardenia,Harrington,Leigh House
392,Ardine,Harris,Tersina Daugherty
393,Ardis,Harrison,Ardelis Sloan
394,Ardith,Hart,Anne-Mar Dyer
395,Ardra,Hartman,Aloise Gay
396,Ardyce,Harvey,Heidie Whitley
397,Ardys,Hatfield,Theodora Cervantes
398,Ardyth,Hawkins,Ursala Calderon
399,Arel,Hayden,Aleks Smith
400,Aretha,Hayes,Judi Powell
401,Ari,Haynes,Caroljean Gill
402,Ariadne,Hays,Shaine Hobbs
403,Ariana,Head,Hiro Hunt
404,Arianne,Heath,Phillis Shannon
405,Aridatha,Hebert,Cheston Harris
406,Arie,Henderson,Sylvie Aguilar
407,Ariel,Hendricks,Phelia Pittman
408,Ariel,Hendrix,Clementia Garza
409,Ariela,Henry,Thea Gutierrez
410,Ariella,Hensley,Noelyn William
411,Arielle,Henson,Weber Contreras
412,Aristotle,Herman,Reyna Webster
413,Arlana,Hernandez,Flinn Sweet
414,Arlee,Herrera,Troy Wells
415,Arleen,Herring,Margalit Hickman
416,Arlen,Hess,Fayth Rivera
417,Arlena,Hester,Juditha Savage
418,Arlene,Hewitt,Ninnetta Moses
419,Arleta,Hickman,Constancia Callahan
420,Arlette,Hicks,Avery Harris
421,Arleyne,Higgins,Goldie Wooten
422,Arlie,Hill,Shamus Elliott
423,Arliene,Hines,Phylis England
424,Arlina,Hinton,Terrie Pena
425,Arlinda,Hobbs,Ahmad Payne
426,Arline,Hodge,Stephanie Sloan
427,Arlo,Hodges,Anny Quinn
428,Arly,Hoffman,Rosalinde Olson
429,Arlyn,Hogan,Natka Montoya
430,Arlyne,Holcomb,Jenn Fitzgerald
431,Armand,Holden,Carlton Wilder
432,Armando,Holder,Bennet Perkins
433,Armond,Holland,Pooh Chang
434,Armstrong,Holloway,Bess Walsh
435,Arne,Holman,Marice Ashley
436,Arnie,Holmes,Cayla Noel
437,Arnold,Holt,Katinka Conrad
438,Arnoldo,Hood,Arabella Burgess
439,Aron,Hooper,Wayne Pate
440,Arron,Hoover,Eugine Fox
441,Art,Hopkins,Renel Clark
442,Arther,Hopper,Byron Riley
443,Auguste,Horn,Ann-Mari Griffith
444,Augustin,Horne,Catherine Mathis
445,Augustina,Horton,Juanita Salinas
446,Augustine,House,Leelah Warren
447,Augustine,Houston,Tracie Gould
448,Augusto,Howard,Samuele Wells
449,Augustus,Howe,Towny Dickson
450,Aura,Howell,Henrie Sweet
451,Aurea,Hubbard,Linnet Moses
452,Aurel,Huber,Catrina Petty
453,Aurelea,Hudson,Bethany Acevedo
454,Aurelia,Huff,Alleen Foster
455,Aurelie,Huffman,Hildegaard Haney
456,Auria,Hughes,Arie Ferguson
457,Aurie,Hull,Lurette Faulkner
458,Aurilia,Humphrey,Thedrick Adkins
459,Aurlie,Hunt,Tedda Middleton
460,Auroora,Hunter,Lyndy Ayala
461,Aurora,Hurley,Emmy Orr
462,Aurore,Hurst,Angelico Espinoza
463,Austen,Hutchinson,Emilio Hammond
464,Austin,Hyde,Nils Hudson
465,Austin,Ingram,Jeniece Harper
466,Austina,Irwin,Gina Rhodes
467,Austine,Jackson,Jeni Wilson
468,Ava,Jacobs,Hilliard Porter
469,Ave,Jacobson,Renae Patrick
470,Aveline,James,Junette Whitaker
471,Averell,Jarvis,Noelani Mcfarland
472,Averil,Jefferson,Otes Franks
473,Averil,Jenkins,Elmira Riggs
474,Averill,Jennings,Clair Kramer
475,Avery,Jensen,Carola Snider
476,Averyl,Jimenez,Trixie Coffey
477,Avi,Johns,Noach Baird
478,Avie,Johnson,Bunni Green
479,Avis,Johnston,Quincy Velasquez
480,Aviva,Jones,Murdoch Rich
481,Avivah,Jordan,Antonie Richmond
482,Avraham,Joseph,Dionis Carrillo
483,Avram,Joyce,Agatha Cotton
484,Avril,Joyner,Lindie Phillips
485,Avrit,Juarez,Lonny Forbes
486,Avrom,Justice,Codee Hatfield
487,Axel,Kane,Quincy Morton
488,Aylmer,Kaufman,Wyatan Contreras
489,Ayn,Keith,Anitra Ball
490,Aziz,Keller,Danny Joseph
491,Bab,Kelley,Layton Mccarty
492,Babara,Kelly,Carolynn Blackburn
493,Babette,Kemp,Endora Browning
494,Babita,Kennedy,Jocelyn Trevino
495,Babs,Kent,Hyman Terrell
496,Bailey,Kerr,Laraine Castro
497,Bailie,Key,Alberta Kemp
498,Baillie,Kidd,Mab Boyer
499,Baily,Kim,Chester Combs
500,Baird,King,Sergei Boone
501,Baldwin,Kinney,Rayshell Bowers
502,Bambi,Kirby,Henka Norman
503,Bambie,Kirk,Alaa Fisher
504,Bamby,Kirkland,Sheila Tyler
505,Bancroft,Klein,Jerrie Holmes
506,Barb,Kline,Maurine Espinoza
507,Barbabas,Knapp,Madelene Hayes
508,Barbabra,Knight,Mariel Sears
509,Barbara,Knowles,Wes Lindsey
510,Barbara-Anne,Knox,Vasily England
511,Barbaraanne,Koch,Martie Rice
512,Barbe,Kramer,Modestia Meadows
513,Barbee,Lamb,Herbie O'donnell
514,Barbette,Lambert,Fiann Wells
515,Barbey,Lancaster,Henriette Sanders
516,Barbi,Landry,Shamit Michael
517,Barbie,Lane,Karla Macdonald
518,Barbra,Lang,Rena Heath
519,Barby,Langley,Hillard Wells
520,Barclay,Lara,Niven Garner
521,Bard,Larsen,Nancy Gibson
522,Barde,Larson,Carin Bradford
523,Bari,Lawrence,Queenie Camacho
524,Barn,Lawson,Kally Hickman
525,Barnabas,Le,Hermon Good
526,Barnabe,Leach,Noble Nielsen
527,Barnaby,Leblanc,Lucy Peck
528,Barnard,Lee,Theresina Waller
529,Barnebas,Leon,Traci Ewing
530,Barnett,Leonard,Giovanna Kelley
531,Barney,Lester,Emelda Valenzuela
532,Barnie,Levine,Corrianne Munoz
533,Barny,Levy,Malcolm Thompson
534,Baron,Lewis,Cooper Rodriquez
535,Barr,Lindsay,Nicky Norman
536,Barret,Lindsey,Wilie Dale
537,Barrett,Little,Sybila Conner
538,Barthel,Livingston,Carlee Whitfield
539,Bartholemy,Lloyd,Torie Bray
540,Bartholomeo,Logan,Joell Rice
541,Bartholomeus,Long,Charlean Ferrell
542,Bartholomew,Lopez,Cordy Chambers
543,Bartie,Lott,Thain Harvey
544,Bartlet,Love,Trev Mccormick
545,Bartlett,Lowe,Ethelred Solis
546,Bartolemo,Lowery,Calley Terry
547,Bartolomei,Lucas,Anton Cain
548,Bartolomeo,Luna,Yancey Galloway
549,Barton,Lynch,Hiro Buchanan
550,Barty,Lynn,Catina Carson
551,Bary,Lyons,Al Cote
552,Basia,Macdonald,Allyson Cash
553,Basil,Macias,Clyde Joseph
554,Batholomew,Mack,Joshua Owen
555,Bathsheba,Madden,Lemmy Evans
556,Batsheva,Maddox,Felipe Foreman
557,Baxter,Maldonado,Thorvald Montoya
558,Bay,Malone,Jeremie Patterson
559,Bayard,Mann,Prescott Davidson
560,Bea,Manning,Meir Morris
561,Beale,Marks,Robby Calderon
562,Bealle,Marquez,Luisa Conner
563,Bear,Marsh,Annmarie Hobbs
564,Bearnard,Marshall,Roshelle Gilbert
565,Beatrice,Martin,Gita Parrish
566,Beatrisa,Martinez,Aguste Dotson
567,Beatrix,Mason,Othilia Serrano
568,Beatriz,Massey,Karee Bird
569,Beau,Mathews,Wallas Ramos
570,Beau,Mathis,Whitman Blanchard
571,Beaufort,Matthews,Scott Norton
572,Beauregard,Maxwell,Carmela Shaw
573,Bebe,May,Valenka Patterson
574,Becca,Mayer,Bambie Ballard
575,Beck,Maynard,Hendrika Tucker
576,Becka,Mayo,Elva Gordon
577,Becki,Mays,Sela Reed
578,Beckie,Mcbride,Donella Foley
579,Becky,Mccall,Daisey Baldwin
580,Bee,Mccarthy,Chevy Sosa
581,Beilul,Mccarty,Lem Roy
582,Beitris,Mcclain,Lindsey Hull
583,Bekki,Mcclure,Stormie Knapp
584,Bel,Mcconnell,Charmain Reese
585,Bela,Mccormick,Jocelyne Mcneil
586,Belia,Mccoy,Ollie Page
587,Belicia,Mccray,Lavina Solomon
588,Belinda,Mccullough,Chad Cardenas
589,Belita,Mcdaniel,Rianon Weiss
590,Bell,Mcdonald,Modestia Mendez
591,Bella,Mcdowell,Ruthe Case
592,Bellamy,Mcfadden,Jelene Waller
593,Bellanca,Mcfarland,Woodrow Fisher
594,Belle,Mcgee,Cayla Mathis
595,Bellina,Mcgowan,Jonathon Guthrie
596,Belva,Mcguire,Tildie Cook
597,Belvia,Mcintosh,Lenette Mckenzie
598,Ben,Mcintyre,Oralee Tyson
599,Bendite,Mckay,Rosario Riddle
600,Benedetta,Mckee,Gita Roberts
601,Benedict,Mckenzie,Aeriell Santiago
602,Benedicta,Mckinney,Marlena Olson
603,Benedikta,Mcknight,Odilia Pugh
604,Benetta,Mclaughlin,Erhard Greer
605,Bengt,Mclean,Mechelle Morse
606,Benita,Mcleod,Darwin Lara
607,Benito,Mcmahon,Sibley Pruitt
608,Benjamen,Mcmillan,Aurelie Marks
609,Benjamin,Mcneil,Alysa Valenzuela
610,Benji,Mcpherson,Yard Logan
611,Benjie,Meadows,Samuella Farmer
612,Benjy,Medina,Bernardine Powell
613,Benn,Mejia,Aggy Nolan
614,Bennet,Melendez,Carrissa Vazquez
615,Bennett,Melton,Carlton Frye
616,Benni,Mendez,Kane Moore
617,Bennie,Mendoza,Mattias Kline
618,Bennie,Mercado,Norwood O'neal
619,Benny,Mercer,Julia Livingston
620,Benny,Merrill,Vasilis Santana
621,Benoite,Merritt,Maurise Osborn
622,Benson,Meyer,Byram Hendricks
623,Bentley,Meyers,Antonetta Knight
624,Benton,Michael,June Horton
625,Beowulf,Middleton,Nolie Shaw
626,Berchtold,Miles,Caron Carey
627,Berenice,Miller,Modesta Moss
628,Beret,Mills,Agna Gill
629,Berget,Miranda,Rhetta Mckee
630,Berk,Mitchell,Meade Atkins
631,Berke,Molina,Anica Moore
632,Berkeley,Monroe,Arlene Levine
633,Berkie,Montgomery,Erinna Freeman
634,Berkley,Montoya,Wendie Dejesus
635,Berna,Moody,Bert Murphy
636,Bernadene,Moon,Donovan Mcclure
637,Bernadette,Mooney,Kurtis Hess
638,Bernadina,Moore,Jonis Keller
639,Bernadine,Morales,Travers Hubbard
640,Bernard,Moran,Marie Fitzgerald
641,Bernardina,Moreno,Mattias Alford
642,Bernardine,Morgan,Hynda Levine
643,Bernardo,Morin,Moises Whitehead
644,Bernd,Morris,Ninetta Pearson
645,Bernelle,Morrison,Clari Sutton
646,Bernete,Morrow,Benji Marks
647,Bernetta,Morse,Albrecht Freeman
648,Bernette,Morton,Eustacia Spencer
649,Bernhard,Moses,Thorny Colon
650,Berni,Mosley,Kania Bush
651,Bernice,Moss,Violetta Poole
652,Bernie,Mueller,Anja Merritt
653,Bernie,Mullen,Daffie Yang
654,Bernita,Mullins,Estell Delaney
655,Berny,Munoz,Karleen Mckinney
656,Berri,Murphy,Philbert Bowers
657,Berrie,Murray,Jessey Yates
658,Berry,Myers,Madelena Sims
659,Bert,Nash,Renell Bernard
660,Bert,Navarro,Donna Tucker
661,Berta,Neal,Lynnette Mosley
662,Berte,Nelson,Laurena Herrera
663,Bertha,Newman,Layne Jimenez
664,Berthe,Newton,Ahmet Stewart
665,Berti,Nguyen,Katharine Campos
666,Bertie,Nichols,Morten Lindsey
667,Bertie,Nicholson,Renie Craig
668,Bertina,Nielsen,Maritsa Martinez
669,Bertine,Nieves,Jori Ferrell
670,Bertram,Nixon,Brodie O'neill
671,Bertrand,Noble,Marsha Thornton
672,Berty,Noel,Raynell Shepherd
673,Beryl,Nolan,Godfree Valdez
674,Beryle,Norman,Cassandre Whitaker
675,Bess,Norris,Marys Monroe
676,Bessie,Norton,Wat Perez
677,Bessy,Nunez,Cat Albert
678,Beth,O'brien,Cleland Sloan
679,Bethanne,O'connor,Roselle Keller
680,Bethany,O'donnell,Kala Hicks
681,Bethena,O'neal,Aina Morin
682,Bethina,O'neil,Cleopatra Farrell
683,Betsey,O'neill,Jeana Jefferson
684,Betsy,Ochoa,Burgess Gilliam
685,Betta,Odom,Emilie Alvarez
686,Bette,Oliver,Cleo Summers
687,Bette-Ann,Olsen,Renelle Peck
688,Betteann,Olson,Marney Chambers
689,Betteanne,Orr,Broddie Warner
690,Betti,Ortega,Lynne Byers
691,Bettie,Ortiz,Auria Mcdowell
692,Bettina,Osborn,Annette Hebert
693,Bettine,Osborne,Kameko Melendez
694,Betty,Owen,Barnaby Hale
695,Bettye,Owens,Laurent Levine
696,Beulah,Pace,Andrzej Bradford
697,Bev,Pacheco,Jannelle Murphy
698,Beverie,Padilla,Bryce Salinas
699,Beverlee,Page,Cass Harrell
700,Brianna,Palmer,Ethelbert Woods
701,Brianne,Park,Jeannette Bass
702,Brice,Parker,Almeta Mejia
703,Bride,Parks,Claybourne Cochran
704,Bridget,Parrish,Gisele Wyatt
705,Bridgett,Parsons,Quinn Jimenez
706,Bridgette,Pate,Jeanette Ortiz
707,Bridie,Patel,Scotty Dickson
708,Brier,Patrick,Rutledge Lewis
709,Brietta,Patterson,Emmanuel Gould
710,Briggs,Patton,Robbin Irwin
711,Brigid,Paul,Erika Bauer
712,Brigida,Payne,Renell Rasmussen
713,Brigit,Pearson,Herschel Goodwin
714,Brigitta,Peck,Karleen Witt
715,Brigitte,Pena,Storey Brock
716,Brina,Pennington,Colly Parsons
717,Briney,Perez,Tony Maldonado
718,Brinkley,Perkins,Dagmar Craig
719,Briny,Perry,Megen Sweet
720,Brit,Peters,Nadine Bradley
721,Brita,Petersen,Ximenes Conrad
722,Britaney,Peterson,Annalise Gonzales
723,Britani,Petty,Thacher Howard
724,Briteny,Phelps,Damien Pittman
725,Britney,Phillips,Aliza Fuller
726,Britni,Pickett,Marwin Hopkins
727,Britt,Pierce,Octavia Brock
728,Britt,Pittman,Willa Witt
729,Britta,Pitts,Adi Thomas
730,Brittan,Pollard,Hirsch Merritt
731,Brittany,Poole,Aileen Lopez
732,Britte,Pope,Er Newton
733,Brittney,Porter,Allyson Dyer
734,Brock,Potter,West Webster
735,Broddie,Potts,Bev Cabrera
736,Broddy,Powell,Bay Mccarty
737,Broderic,Powers,Rosamond Fisher
738,Broderick,Pratt,Sydel Dejesus
739,Brodie,Preston,Cesar Griffith
740,Brody,Price,Wallie Kramer
741,Bronson,Prince,Aliza Reilly
742,Brook,Pruitt,Odella Vincent
743,Brook,Puckett,Welbie Calhoun
744,Brooke,Pugh,Karita Douglas
745,Brooke,Quinn,Nicky Phelps
746,Brooks,Ramirez,Sibylla Mckenzie
747,Brooks,Ramos,Riane Pearson
748,Bruce,Ramsey,Cacilie Fields
749,Brunella,Randall,Sharlene Espinoza
750,Brunhilda,Randolph,Beilul Garza
751,Brunhilde,Rasmussen,Dionis England
752,Bruno,Ratliff,Hilbert Boyle
753,Bryan,Ray,Mortie Carrillo
754,Bryana,Raymond,Evanne Graves
755,Bryant,Reed,Emelina Martin
756,Bryce,Reese,John-Patrick Mclaughlin
757,Bryn,Reeves,Salomone Cotton
758,Bryn,Reid,Shel Mcguire
759,Bryna,Reilly,Correy Evans
760,Brynn,Reyes,Ginelle Norton
761,Brynna,Reynolds,Chloe Johnson
762,Brynne,Rhodes,Hatty Moore
763,Bryon,Rice,Jessee Benton
764,Bubba,Rich,Huntlee Cannon
765,Buck,Richard,Sibel Hester
766,Bucky,Richards,Doralynn Herman
767,Bud,Richardson,Murielle Luna
768,Buddy,Richmond,Ellissa Graves
769,Buffy,Riddle,Bernie Curtis
770,Bunni,Riggs,Myke Murphy
771,Bunnie,Riley,Mame Grimes
772,Bunny,Rios,Erma Morgan
773,Burgess,Rivas,Cindi Holman
774,Burke,Rivera,Johannah Nicholson
775,Burl,Rivers,Karin Young
776,Burnaby,Roach,Erastus Shaw
777,Burt,Robbins,Sheff Mays
778,Burta,Roberson,Cabrina Bell
779,Burton,Roberts,Norman Hurley
780,Buster,Robertson,Marylou Dyer
781,Butch,Robinson,Chriss Morales
782,Butler,Robles,Jasper Chaney
783,Byram,Rocha,Hillary Nash
784,Byron,Rodgers,Carmina Espinoza
785,Cabrina,Rodriguez,Katinka Taylor
786,Cacilia,Rodriquez,Gipsy Baird
787,Cacilie,Rogers,Daren Garner
788,Caesar,Rojas,Hermon Crosby
789,Cain,Rollins,Ximenez Gordon
790,Caitlin,Roman,Hersch Kerr
791,Caitrin,Romero,Casey Snyder
792,Cal,Rosa,Corrianne Durham
793,Cal,Rosales,Clarine Todd
794,Caldwell,Rosario,Jeni Roy
795,Caleb,Rose,Alisun Marsh
796,Calhoun,Ross,Noland Lara
797,Calida,Roth,Wallis Castro
798,Calla,Rowe,Karmen Rutledge
799,Calley,Rowland,Win Walls
800,Calli,Roy,Elsie Gamble
801,Callida,Ruiz,Helena Bradley
802,Callie,Rush,Herve Combs
803,Cally,Russell,Josephus Duke
804,Calvin,Russo,Roda Morse
805,Calypso,Rutledge,Cassy Griffin
806,Cam,Ryan,Lazarus Kirby
807,Cam,Salas,Rosetta Garner
808,Camala,Salazar,Karel Bright
809,Camel,Salinas,Rowena Padilla
810,Camella,Sampson,Margaretta Lynn
811,Camellia,Sanchez,Verna Hays
812,Cameo,Sanders,Emilie Bryan
813,Cameron,Sandoval,Ali Austin
814,Cami,Sanford,Dale Stewart
815,Camila,Santana,Maxwell Bryant
816,Camile,Santiago,Sibelle Key
817,Camilla,Santos,Godfree Lane
818,Camille,Sargent,Willy Hickman
819,Cammi,Saunders,Jenny Nixon
820,Cammie,Savage,Sayre Gregory
821,Cammy,Sawyer,Morly Avila
822,Cammy,Schmidt,Ernest Warner
823,Canada,Schneider,Yvonne Merrill
824,Candace,Schroeder,Dacia Shannon
825,Candi,Schultz,Lauren Forbes
826,Candice,Schwartz,Martin Bruce
827,Candida,Scott,Leodora Macdonald
828,Candide,Sears,Daphne Terrell
829,Candie,Sellers,Philippe Valenzuela
830,Candis,Serrano,Idaline Henderson
831,Candra,Sexton,Prissie Erickson
832,Candy,Shaffer,Wang Duke
833,Cappella,Shannon,Roth Riggs
834,Caprice,Sharp,Barbey Murray
835,Cara,Sharpe,Ahmet Tran
836,Caralie,Shaw,Caresa Dunlap
837,Caren,Shelton,Hermia Myers
838,Carena,Shepard,Marilin Morrison
839,Caresa,Shepherd,Cloris Livingston
840,Caressa,Sheppard,Hulda Farmer
841,Caresse,Sherman,Kathe Moon
842,Carey,Shields,Clark Richardson
843,Carey,Short,Milton Farmer
844,Cari,Silva,Josie Gamble
845,Caria,Simmons,Aggy Merritt
846,Carie,Simon,Cassaundra Bonner
847,Caril,Simpson,Jeffry Blankenship
848,Carilyn,Sims,Donelle Ferguson
849,Carin,Singleton,Schroeder Sweet
850,Carina,Skinner,Jorge Guerrero
851,Carine,Slater,Leland Suarez
852,Cariotta,Sloan,Witold Decker
853,Carissa,Small,Lynnet Cunningham
854,Carita,Smith,Chris Blankenship
855,Caritta,Snider,Lynelle Poole
856,Carl,Snow,Clement Howell
857,Carla,Snyder,Cathyleen Cote
858,Carlee,Solis,Mariele Rhodes
859,Carlotta,Solomon,Thibaut Pruitt
860,Carlton,Sosa,Althea Sanders
861,Carly,Soto,Myrtie Roman
862,Carlye,Sparks,Carmel Robinson
863,Carlyle,Spears,Conni Pope
864,Carlyn,Spence,Heath Keller
865,Carlynn,Spencer,Pierson Wiggins
866,Carlynne,Stafford,Barton Bright
867,Carma,Stanley,Adel Hess
868,Carmel,Stanton,Doria Langley
869,Carmela,Stark,Wendall Bright
870,Carmelia,Steele,Sayre Watts
871,Carmelina,Stein,Suzan Grant
872,Carmelita,Stephens,Marla Benjamin
873,Carmella,Stephenson,Loren Mejia
874,Carmelle,Stevens,Lukas Leon
875,Carmen,Stevenson,Elwood Ortiz
876,Carmina,Stewart,Hildagard Zimmerman
877,Carmine,Stokes,Prudy Mckinney
878,Carmine,Stone,Karlene Ortega
879,Carmita,Stout,Wright Fitzpatrick
880,Carmon,Strickland,Lazare Velez
881,Caro,Strong,Ryann Humphrey
882,Carol,Stuart,Joya Cannon
883,Carol-Jean,Suarez,Matilda Mendez
884,Carola,Sullivan,Katharina Stephens
885,Carolan,Summers,Dom Craft
886,Carolann,Sutton,Michail Alford
887,Carole,Swanson,Rennie Lawrence
888,Carolee,Sweeney,Waylen Gillespie
889,Caroleen,Sweet,Reina Waters
890,Carolie,Sykes,Cornie Johnston
891,Carolin,Talley,Sharleen Adkins
892,Carolina,Tanner,Jojo Atkinson
893,Caroline,Tate,Trever Osborn
894,Caroljean,Taylor,Alissa Prince
895,Carolyn,Terrell,Tova Dominguez
896,Carolyne,Terry,Karoline Daniels
897,Carolynn,Thomas,Humbert Duke
898,Caron,Thompson,Adrianne Glover
899,Carree,Thornton,Elspeth Davenport
900,Carri,Tillman,Mufi Little
901,Carrie,Todd,Leola Randall
902,Carrissa,Torres,Rafa Workman
903,Carrol,Townsend,Tedra Lang
904,Carroll,Tran,Adelice Nicholson
905,Carroll,Travis,Nichole Durham
906,Carry,Trevino,Jenifer Spence
907,Carson,Trujillo,Rosie Cox
908,Carsten,Tucker,Adolphe Young
909,Carter,Turner,Hollie Williamson
910,Cary,Tyler,Hermon Wynn
911,Cary,Tyson,Ansell Lucas
912,Caryl,Underwood,Esme Gillespie
913,Caryl,Valdez,Arabele Dunlap
914,Caryn,Valencia,Kym Dennis
915,Casandra,Valentine,Maryangelyn Terrell
916,Case,Valenzuela,Colly Pope
917,Casey,Vance,Marianna Burks
918,Casey,Vang,Rosabel Hogan
919,Casi,Vargas,Hildegaard Randolph
920,Casia,Vasquez,Lucita Ballard
921,Casie,Vaughan,Judith Walls
922,Caspar,Vaughn,Iain Austin
923,Casper,Vazquez,Prisca Rivas
924,Cass,Vega,Becca Powell
925,Cass,Velasquez,Mandy Zamora
926,Cassandra,Velazquez,Er Schwartz
927,Cassandre,Velez,Shelby Warner
928,Cassandry,Villarreal,Olivia Morris
929,Cassaundra,Vincent,Jordy Walter
930,Cassey,Vinson,Alvinia Mcconnell
931,Cassi,Wade,Misty Compton
932,Cassie,Wagner,Ange Mercado
933,Cassondra,Walker,Ronny Mccullough
934,Cassy,Wall,Tessa Cash
935,Cat,Wallace,Joni Fuller
936,Cat,Waller,Leonelle Guthrie
937,Catarina,Walls,Annissa Harris
938,Cate,Walsh,Shane Knapp
939,Caterina,Walter,Sheilakathryn Merritt
940,Catha,Walters,Tiphany Ryan
941,Catharina,Walton,Rutledge Lang
942,Catharine,Ward,Lydia Powell
943,Cathe,Ware,Sofia Greer
944,Cathee,Warner,Annie Boyle
945,Catherin,Warren,Sib Barnett
946,Catherina,Washington,Myles Roman
947,Catherine,Waters,Darb Kerr
948,Cathi,Watkins,Trixie Franco
949,Cathie,Watson,Bernette Jenkins
950,Cathleen,Watts,Cathrine Munoz
951,Cathlene,Weaver,Adrien Leon
952,Cathrin,Webb,Carroll Gillespie
953,Cathrine,Weber,Bartlet Hernandez
954,Cathryn,Webster,Roselyn Robles
955,Cathy,Weeks,Thatch Pena
956,Cathyleen,Weiss,Hendrick Rodriguez
957,Cati,Welch,Lorelle Bridges
958,Catie,Wells,Danna Wilder
959,Catina,West,Adrian Hogan
960,Catlaina,Wheeler,Aindrea Wagner
961,Catlee,Whitaker,Eugenia Hewitt
962,Catlin,White,Agathe Franklin
963,Catrina,Whitehead,Babs Graham
964,Catriona,Whitfield,Ermentrude Meadows
965,Caty,Whitley,Alyce Logan
966,Cayla,Whitney,Hastings Jackson
967,Cecelia,Wiggins,Liza Langley
968,Cecil,Wilcox,Andy Reilly
969,Cecil,Wilder,Bernetta Guzman
970,Cecile,Wiley,Piper Cochran
971,Ceciley,Wilkerson,Karyn Edwards
972,Cecilia,Wilkins,Rene Wise
973,Cecilla,Wilkinson,Erminia Hoover
974,Cecily,William,Lay Dudley
975,Ceil,Williams,Arleta Roth
976,Cele,Williamson,Markus Bowen
977,Celene,Willis,Fergus Ayala
978,Celesta,Wilson,Hasty Cannon
979,Celeste,Winters,Valerie Ramos
980,Celestia,Wise,Caitlin Spears
981,Celestina,Witt,Aldwin Kline
982,Celestine,Wolf,Alfredo Gonzalez
983,Celestyn,Wolfe,Nitin Jones
984,Celestyna,Wong,Dahlia Carson
985,Celia,Wood,Beilul Payne
986,Celie,Woodard,Moreen Ortega
987,Celina,Woods,Jordan Blake
988,Celinda,Woodward,Junette Guerrero
989,Celine,Wooten,Pru Blanchard
990,Celinka,Workman,Berkie Kramer
991,Celisse,Wright,Carla Waters
992,Celle,Wyatt,Moses Howard
993,Cesar,Wynn,Hector Bradford
994,Cesya,Yang,Stormi Harrington
995,Chad,Yates,Antonie Lawson
996,Chad,York,Wilber Trevino
997,Chadd,Young,Witty Gates
998,Chaddie,Zamora,Charlott Hull
999,Chaddy,Zimmerman,Vinnie Bond
1000,Chadwick,,
1001,Chaim,,
1002,Chalmers,,
1003,Chan,,
1004,Chance,,
1005,Chancey,,
1006,Chanda,,
1007,Chandal,,
1008,Chanderjit,,
1009,Chandler,,
1010,Chandra,,
1011,Chane,,
1012,Channa,,
1013,Chantal,,
1014,Chantalle,,
1015,Charil,,
1016,Charin,,
1017,Chariot,,
1018,Charis,,
1019,Charissa,,
1020,Charisse,,
1021,Charita,,
1022,Charity,,
1023,Charla,,
1024,Charlean,,
1025,Charleen,,
1026,Charlena,,
1027,Charlene,,
1028,Charles,,
1029,Charleton,,
1030,Charley,,
1031,Charlie,,
1032,Charline,,
1033,Charlot,,
1034,Charlott,,
1035,Charlotta,,
1036,Charlotte,,
1037,Charlton,,
1038,Charmain,,
1039,Charmaine,,
1040,Charmane,,
1041,Charmian,,
1042,Charmine,,
1043,Charmion,,
1044,Charo,,
1045,Charyl,,
1046,Chas,,
1047,Chase,,
1048,Chastity,,
1049,Chaunce,,
1050,Chauncey,,
1051,Che,,
1052,Chelsae,,
1053,Chelsea,,
1054,Chelsey,,
1055,Chelsie,,
1056,Chelsy,,
1057,Chelton,,
1058,Chen,,
1059,Cher,,
1060,Chere,,
1061,Cherey,,
1062,Cheri,,
1063,Cherianne,,
1064,Cherice,,
1065,Cherida,,
1066,Cherie,,
1067,Cherilyn,,
1068,Cherilynn,,
1069,Cherin,,
1070,Cherise,,
1071,Cherish,,
1072,Cherlyn,,
1073,Cherri,,
1074,Cherrita,,
1075,Cherry,,
1076,Chery,,
1077,Cherye,,
1078,Cheryl,,
1079,Cheslie,,
1080,Chester,,
1081,Cheston,,
1082,Chet,,
1083,Chev,,
1084,Chevalier,,
1085,Chevy,,
1086,Chiarra,,
1087,Chickie,,
1088,Chicky,,
1089,Chip,,
1090,Chiquita,,
1091,Chloe,,
1092,Chloette,,
1093,Chloris,,
1094,Chris,,
1095,Chris,,
1096,Chriss,,
1097,Chrissa,,
1098,Chrissie,,
1099,Chrissy,,
1100,Chrissy,,
1101,Cinderella,,
1102,Cindi,,
1103,Cindie,,
1104,Cindra,,
1105,Cindy,,
1106,Cinnamon,,
1107,Cissie,,
1108,Cissy,,
1109,Clair,,
1110,Clair,,
1111,Claire,,
1112,Claire,,
1113,Clancy,,
1114,Clara,,
1115,Clarabelle,,
1116,Clarance,,
1117,Clare,,
1118,Clare,,
1119,Clarence,,
1120,Claresta,,
1121,Clareta,,
1122,Claretta,,
1123,Clarette,,
1124,Clarey,,
1125,Clari,,
1126,Claribel,,
1127,Clarice,,
1128,Clarie,,
1129,Clarinda,,
1130,Clarine,,
1131,Clarisa,,
1132,Clarissa,,
1133,Clarisse,,
1134,Clarita,,
1135,Clark,,
1136,Clarke,,
1137,Clary,,
1138,Claude,,
1139,Claude,,
1140,Claudelle,,
1141,Claudetta,,
1142,Claudette,,
1143,Claudia,,
1144,Claudie,,
1145,Claudina,,
1146,Claudine,,
1147,Claudio,,
1148,Claudius,,
1149,Claus,,
1150,Clay,,
1151,Clayborn,,
1152,Clayborne,,
1153,Claybourne,,
1154,Clayton,,
1155,Clea,,
1156,Cleland,,
1157,Clem,,
1158,Clem,,
1159,Clemence,,
1160,Clemens,,
1161,Clement,,
1162,Clemente,,
1163,Clementia,,
1164,Clementina,,
1165,Clementine,,
1166,Clemmie,,
1167,Clemmie,,
1168,Clemmy,,
1169,Cleo,,
1170,Cleopatra,,
1171,Clerissa,,
1172,Cletus,,
1173,Cleva,,
1174,Cleveland,,
1175,Cliff,,
1176,Clifford,,
1177,Clifton,,
1178,Clint,,
1179,Clinten,,
1180,Clinton,,
1181,Clio,,
1182,Clive,,
1183,Clo,,
1184,Cloe,,
1185,Cloris,,
1186,Clotilda,,
1187,Clovis,,
1188,Clyde,,
1189,Cob,,
1190,Cobb,,
1191,Cobbie,,
1192,Cobby,,
1193,Codee,,
1194,Codi,,
1195,Codie,,
1196,Cody,,
1197,Cody,,
1198,Colbert,,
1199,Cole,,
1200,Coleen,,
1201,Coleman,,
1202,Colene,,
1203,Coletta,,
1204,Colette,,
1205,Colin,,
1206,Colleen,,
1207,Collete,,
1208,Collette,,
1209,Collie,,
1210,Collin,,
1211,Colline,,
1212,Collins,,
1213,Colly,,
1214,Con,,
1215,Conan,,
1216,Concettina,,
1217,Conchita,,
1218,Concordia,,
1219,Conney,,
1220,Conni,,
1221,Connie,,
1222,Connie,,
1223,Connolly,,
1224,Connor,,
1225,Conny,,
1226,Conrad,,
1227,Conroy,,
1228,Consolata,,
1229,Constance,,
1230,Constancia,,
1231,Constancy,,
1232,Constanta,,
1233,Constantia,,
1234,Constantin,,
1235,Constantina,,
1236,Constantine,,
1237,Constantine,,
1238,Constantinos,,
1239,Consuela,,
1240,Consuelo,,
1241,Conway,,
1242,Cookie,,
1243,Cooper,,
1244,Cora,,
1245,Corabel,,
1246,Corabella,,
1247,Corabelle,,
1248,Coral,,
1249,Coralie,,
1250,Coraline,,
1251,Coralyn,,
1252,Corbin,,
1253,Corby,,
1254,Cordelia,,
1255,Cordelie,,
1256,Cordey,,
1257,Cordie,,
1258,Cordula,,
1259,Cordy,,
1260,Coreen,,
1261,Corella,,
1262,Corena,,
1263,Corenda,,
1264,Corene,,
1265,Coretta,,
1266,Corette,,
1267,Corey,,
1268,Corey,,
1269,Cori,,
1270,Corie,,
1271,Corilla,,
1272,Corina,,
1273,Corine,,
1274,Corinna,,
1275,Corinne,,
1276,Coriss,,
1277,Corissa,,
1278,Corky,,
1279,Corliss,,
1280,Corly,,
1281,Cornela,,
1282,Cornelia,,
1283,Cornelius,,
1284,Cornelle,,
1285,Cornellis,,
1286,Cornie,,
1287,Corny,,
1288,Correna,,
1289,Correy,,
1290,Corri,,
1291,Corrianne,,
1292,Corrie,,
1293,Cyril,,
1294,Cyrill,,
1295,Cyrille,,
1296,Cyrillus,,
1297,Cyrus,,
1298,Dabney,,
1299,Dacey,,
1300,Dacia,,
1301,Dacie,,
1302,Dacy,,
1303,Dael,,
1304,Daffi,,
1305,Daffie,,
1306,Daffy,,
1307,Daffy,,
1308,Dafna,,
1309,Dagmar,,
1310,Dahlia,,
1311,Daile,,
1312,Daisey,,
1313,Daisi,,
1314,Daisie,,
1315,Daisy,,
1316,Dale,,
1317,Dale,,
1318,Dalenna,,
1319,Dalia,,
1320,Dalila,,
1321,Dallas,,
1322,Dallas,,
1323,Daloris,,
1324,Dalton,,
1325,Damara,,
1326,Damaris,,
1327,Damian,,
1328,Damien,,
1329,Damita,,
1330,Damon,,
1331,Dan,,
1332,Dana,,
1333,Dana,,
1334,Dane,,
1335,Danell,,
1336,Danella,,
1337,Danelle,,
1338,Danette,,
1339,Dani,,
1340,Dani,,
1341,Dania,,
1342,Danica,,
1343,Danice,,
1344,Danie,,
1345,Daniel,,
1346,Daniel,,
1347,Daniela,,
1348,Daniele,,
1349,Daniella,,
1350,Danielle,,
1351,Danika,,
1352,Danila,,
1353,Danit,,
1354,Danita,,
1355,Danna,,
1356,Danni,,
1357,Dannie,,
1358,Dannie,,
1359,Danny,,
1360,Danny,,
1361,Dannye,,
1362,Dante,,
1363,Danya,,
1364,Danyelle,,
1365,Danyette,,
1366,Daphene,,
1367,Daphna,,
1368,Daphne,,
1369,Dara,,
1370,Darb,,
1371,Darbie,,
1372,Darby,,
1373,Darby,,
1374,Darcee,,
1375,Darcey,,
1376,Darci,,
1377,Darcie,,
1378,Darcy,,
1379,Darcy,,
1380,Darda,,
1381,Dareen,,
1382,Darell,,
1383,Darelle,,
1384,Daren,,
1385,Dari,,
1386,Daria,,
1387,Darian,,
1388,Darice,,
1389,Darien,,
1390,Darin,,
1391,Dario,,
1392,Darius,,
1393,Darla,,
1394,Darleen,,
1395,Darlene,,
1396,Darline,,
1397,Darrel,,
1398,Darrell,,
1399,Darren,,
1400,Darrick,,
1401,Darrin,,
1402,Darryl,,
1403,Darryl,,
1404,Darsey,,
1405,Darsie,,
1406,Darth,,
1407,Darwin,,
1408,Dimitri,,
1409,Dimitrios,,
1410,Dimitris,,
1411,Dimitrou,,
1412,Dimitry,,
1413,Dina,,
1414,Dinah,,
1415,Dinnie,,
1416,Dinny,,
1417,Dino,,
1418,Dion,,
1419,Dion,,
1420,Dione,,
1421,Dionis,,
1422,Dionis,,
1423,Dionne,,
1424,Dionysus,,
1425,Dirk,,
1426,Dita,,
1427,Dix,,
1428,Dixie,,
1429,Dmitri,,
1430,Dode,,
1431,Dodi,,
1432,Dodie,,
1433,Dody,,
1434,Doe,,
1435,Doll,,
1436,Dolley,,
1437,Dolli,,
1438,Dollie,,
1439,Dolly,,
1440,Dolora,,
1441,Dolores,,
1442,Dolorita,,
1443,Doloritas,,
1444,Dom,,
1445,Domenic,,
1446,Domenico,,
1447,Dominic,,
1448,Dominica,,
1449,Dominick,,
1450,Dominique,,
1451,Dominique,,
1452,Don,,
1453,Dona,,
1454,Donal,,
1455,Donald,,
1456,Donella,,
1457,Donelle,,
1458,Donetta,,
1459,Donia,,
1460,Donica,,
1461,Donielle,,
1462,Donn,,
1463,Donna,,
1464,Donnajean,,
1465,Donnamarie,,
1466,Donni,,
1467,Donnie,,
1468,Donnie,,
1469,Donny,,
1470,Donny,,
1471,Donovan,,
1472,Dora,,
1473,Doralia,,
1474,Doralin,,
1475,Doralyn,,
1476,Doralynn,,
1477,Doralynne,,
1478,Dorcas,,
1479,Dore,,
1480,Doreen,,
1481,Dorelia,,
1482,Dorella,,
1483,Dorelle,,
1484,Dorena,,
1485,Dorene,,
1486,Doretta,,
1487,Dorette,,
1488,Dorey,,
1489,Dori,,
1490,Doria,,
1491,Dorian,,
1492,Ellis,,
1493,Ellissa,,
1494,Ellsworth,,
1495,Ellwood,,
1496,Elly,,
1497,Ellyn,,
1498,Ellynn,,
1499,Elmer,,
1500,Elmira,,
1501,Elmore,,
1502,Elna,,
1503,Elnar,,
1504,Elnora,,
1505,Elnore,,
1506,Eloisa,,
1507,Eloise,,
1508,Elonore,,
1509,Elora,,
1510,Elric,,
1511,Elroy,,
1512,Elsa,,
1513,Elsbeth,,
1514,Else,,
1515,Elsey,,
1516,Elsi,,
1517,Elsie,,
1518,Elsinore,,
1519,Elspeth,,
1520,Elsy,,
1521,Elton,,
1522,Elva,,
1523,Elvera,,
1524,Elvin,,
1525,Elvina,,
1526,Elvira,,
1527,Elvis,,
1528,Elwin,,
1529,Elwina,,
1530,Elwira,,
1531,Elwood,,
1532,Elwyn,,
1533,Ely,,
1534,Elyn,,
1535,Elyse,,
1536,Elysee,,
1537,Elysha,,
1538,Elysia,,
1539,Elyssa,,
1540,Em,,
1541,Ema,,
1542,Emalee,,
1543,Emalia,,
1544,Emanuel,,
1545,Emanuela,,
1546,Emelda,,
1547,Emelia,,
1548,Emelina,,
1549,Emeline,,
1550,Emelita,,
1551,Emelyne,,
1552,Emera,,
1553,Emerson,,
1554,Emery,,
1555,Emil,,
1556,Emile,,
1557,Emilee,,
1558,Emili,,
1559,Emilia,,
1560,Emilie,,
1561,Emiline,,
1562,Emilio,,
1563,Emily,,
1564,Emlyn,,
1565,Emlynn,,
1566,Emlynne,,
1567,Emma,,
1568,Emmalee,,
1569,Emmaline,,
1570,Emmalyn,,
1571,Emmalynn,,
1572,Emmalynne,,
1573,Emmanuel,,
1574,Emmeline,,
1575,Emmery,,
1576,Emmet,,
1577,Emmett,,
1578,Emmey,,
1579,Emmi,,
1580,Emmie,,
1581,Emmit,,
1582,Emmott,,
1583,Emmy,,
1584,Emmy,,
1585,Emmye,,
1586,Emogene,,
1587,Emory,,
1588,Emyle,,
1589,Emylee,,
1590,Ender,,
1591,Endora,,
1592,Engelbart,,
1593,Engelbert,,
1594,Englebart,,
1595,Englebert,,
1596,Engracia,,
1597,Enid,,
1598,Enoch,,
1599,Enrica,,
1600,Enrichetta,,
1601,Enrico,,
1602,Enrika,,
1603,Enrique,,
1604,Enriqueta,,
1605,Enya,,
1606,Eolanda,,
1607,Eolande,,
1608,Ephraim,,
1609,Ephram,,
1610,Ephrayim,,
1611,Ephrem,,
1612,Er,,
1613,Eran,,
1614,Erasmus,,
1615,Erastus,,
1616,Erda,,
1617,Erek,,
1618,Erena,,
1619,Erhard,,
1620,Erhart,,
1621,Eric,,
1622,Erica,,
1623,Erich,,
1624,Ericha,,
1625,Erick,,
1626,Ericka,,
1627,Erik,,
1628,Erika,,
1629,Erin,,
1630,Erin,,
1631,Erina,,
1632,Erinn,,
1633,Erinna,,
1634,Erl,,
1635,Erma,,
1636,Ermengarde,,
1637,Ermentrude,,
1638,Ermina,,
1639,Erminia,,
1640,Erminie,,
1641,Erna,,
1642,Ernaline,,
1643,Ernest,,
1644,Ernesta,,
1645,Ernestine,,
1646,Ernesto,,
1647,Ernie,,
1648,Ernst,,
1649,Erny,,
1650,Errol,,
1651,Ertha,,
1652,Ervin,,
1653,Erwin,,
1654,Eryn,,
1655,Esau,,
1656,Esma,,
1657,Esmaria,,
1658,Esme,,
1659,Esme,,
1660,Esmeralda,,
1661,Esmerelda,,
1662,Essa,,
1663,Essie,,
1664,Essy,,
1665,Esta,,
1666,Esteban,,
1667,Estel,,
1668,Estele,,
1669,Estell,,
1670,Estella,,
1671,Estelle,,
1672,Ester,,
1673,Esther,,
1674,Estrella,,
1675,Estrellita,,
1676,Ethan,,
1677,Ethel,,
1678,Ethelbert,,
1679,Ethelda,,
1680,Ethelin,,
1681,Ethelind,,
1682,Etheline,,
1683,Ethelred,,
1684,Ethelyn,,
1685,Ethyl,,
1686,Etienne,,
1687,Etta,,
1688,Etti,,
1689,Ettie,,
1690,Etty,,
1691,Euclid,,
1692,Eudora,,
1693,Eugen,,
1694,Eugene,,
1695,Eugenia,,
1696,Eugenie,,
1697,Eugine,,
1698,Eula,,
1699,Eulalie,,
1700,Eunice,,
1701,Euphemia,,
1702,Eustace,,
1703,Eustacia,,
1704,Ev,,
1705,Eva,,
1706,Evaleen,,
1707,Evan,,
1708,Evangelia,,
1709,Evangelin,,
1710,Evangelina,,
1711,Evangeline,,
1712,Evania,,
1713,Evanne,,
1714,Eve,,
1715,Eveleen,,
1716,Evelina,,
1717,Eveline,,
1718,Evelyn,,
1719,Evelyn,,
1720,Fawnia,,
1721,Fay,,
1722,Faydra,,
1723,Faye,,
1724,Fayette,,
1725,Fayina,,
1726,Fayre,,
1727,Fayth,,
1728,Faythe,,
1729,Fazeel,,
1730,Federica,,
1731,Federico,,
1732,Fedora,,
1733,Felecia,,
1734,Felicdad,,
1735,Felice,,
1736,Felice,,
1737,Felicia,,
1738,Felicio,,
1739,Felicity,,
1740,Felicle,,
1741,Felipa,,
1742,Felipe,,
1743,Felisha,,
1744,Felita,,
1745,Felix,,
1746,Feliza,,
1747,Fenelia,,
1748,Feodora,,
1749,Ferd,,
1750,Ferdie,,
1751,Ferdinand,,
1752,Ferdinanda,,
1753,Ferdinande,,
1754,Ferdy,,
1755,Fergus,,
1756,Ferguson,,
1757,Ferinand,,
1758,Fern,,
1759,Fernanda,,
1760,Fernande,,
1761,Fernandina,,
1762,Fernando,,
1763,Ferne,,
1764,Fey,,
1765,Fiann,,
1766,Fianna,,
1767,Fidel,,
1768,Fidela,,
1769,Fidelia,,
1770,Fidelity,,
1771,Fifi,,
1772,Fifine,,
1773,Filbert,,
1774,Filia,,
1775,Filide,,
1776,Filip,,
1777,Filipe,,
1778,Filippa,,
1779,Filmore,,
1780,Fina,,
1781,Finley,,
1782,Finn,,
1783,Fiona,,
1784,Fionna,,
1785,Fionnula,,
1786,Fiorenze,,
1787,Fitz,,
1788,Fitzgerald,,
1789,Flem,,
1790,Fleming,,
1791,Flemming,,
1792,Fletch,,
1793,Fletcher,,
1794,Fleur,,
1795,Fleurette,,
1796,Flin,,
1797,Flinn,,
1798,Flint,,
1799,Flipper,,
1800,Flo,,
1801,Flor,,
1802,Flora,,
1803,Florance,,
1804,Flore,,
1805,Florella,,
1806,Florence,,
1807,Florencia,,
1808,Florentia,,
1809,Florenza,,
1810,Gertrudis,,
1811,Gerty,,
1812,Giacinta,,
1813,Giana,,
1814,Gianina,,
1815,Gianna,,
1816,Gigi,,
1817,Gilberta,,
1818,Gilberte,,
1819,Gilbertina,,
1820,Gilbertine,,
1821,Gilda,,
1822,Gill,,
1823,Gillan,,
1824,Gilli,,
1825,Gillian,,
1826,Gillie,,
1827,Gilligan,,
1828,Gilly,,
1829,Gina,,
1830,Ginelle,,
1831,Ginevra,,
1832,Ginger,,
1833,Ginni,,
1834,Ginnie,,
1835,Ginnifer,,
1836,Ginny,,
1837,Giorgia,,
1838,Giovanna,,
1839,Gipsy,,
1840,Giralda,,
1841,Gisela,,
1842,Gisele,,
1843,Gisella,,
1844,Giselle,,
1845,Gita,,
1846,Gizela,,
1847,Glad,,
1848,Gladi,,
1849,Gladis,,
1850,Gladys,,
1851,Gleda,,
1852,Glen,,
1853,Glenda,,
1854,Glenine,,
1855,Glenn,,
1856,Glenna,,
1857,Glennie,,
1858,Glennis,,
1859,Glori,,
1860,Gloria,,
1861,Gloriana,,
1862,Gloriane,,
1863,Glorianna,,
1864,Glory,,
1865,Glyn,,
1866,Glynda,,
1867,Glynis,,
1868,Glynnis,,
1869,Godart,,
1870,Goddard,,
1871,Goddart,,
1872,Godfree,,
1873,Godfrey,,
1874,Godfry,,
1875,Godiva,,
1876,Godwin,,
1877,Golda,,
1878,Goldarina,,
1879,Goldi,,
1880,Goldia,,
1881,Goldie,,
1882,Goldina,,
1883,Goldy,,
1884,Gomer,,
1885,Gonzales,,
1886,Gonzalo,,
1887,Haskell,,
1888,Hassan,,
1889,Hastings,,
1890,Hasty,,
1891,Hatti,,
1892,Hattie,,
1893,Hatty,,
1894,Haven,,
1895,Havivah,,
1896,Hayden,,
1897,Haydon,,
1898,Hayes,,
1899,Hayley,,
1900,Hayward,,
1901,Haywood,,
1902,Hazel,,
1903,Hazel,,
1904,Heath,,
1905,Heath,,
1906,Heathcliff,,
1907,Heather,,
1908,Hebert,,
1909,Hector,,
1910,Heda,,
1911,Hedda,,
1912,Heddi,,
1913,Heddie,,
1914,Hedi,,
1915,Hedvig,,
1916,Hedwig,,
1917,Hedy,,
1918,Heida,,
1919,Heide,,
1920,Heidi,,
1921,Heidie,,
1922,Heinrich,,
1923,Heinz,,
1924,Helaina,,
1925,Helaine,,
1926,Helen,,
1927,Helen-Elizabeth,,
1928,Helena,,
1929,Helene,,
1930,Helga,,
1931,Helge,,
1932,Helise,,
1933,Hellene,,
1934,Helli,,
1935,Helmuth,,
1936,Heloise,,
1937,Helsa,,
1938,Helyn,,
1939,Henderson,,
1940,Hendrick,,
1941,Hendrik,,
1942,Hendrika,,
1943,Henka,,
1944,Henri,,
1945,Henrie,,
1946,Henrie,,
1947,Henrieta,,
1948,Henrietta,,
1949,Henriette,,
1950,Henrik,,
1951,Henrique,,
1952,Henry,,
1953,Henryetta,,
1954,Hephzibah,,
1955,Herb,,
1956,Herbert,,
1957,Herbie,,
1958,Herby,,
1959,Hercule,,
1960,Hercules,,
1961,Herculie,,
1962,Herman,,
1963,Hermann,,
1964,Hermia,,
1965,Hermina,,
1966,Hermine,,
1967,Herminia,,
1968,Hermione,,
1969,Hermon,,
1970,Hermy,,
1971,Hernando,,
1972,Herold,,
1973,Herrick,,
1974,Herrmann,,
1975,Hersch,,
1976,Herschel,,
1977,Hersh,,
1978,Hershel,,
1979,Herta,,
1980,Hertha,,
1981,Herve,,
1982,Hervey,,
1983,Hester,,
1984,Hesther,,
1985,Hestia,,
1986,Hetti,,
1987,Hettie,,
1988,Hetty,,
1989,Hew,,
1990,Hewe,,
1991,Hewet,,
1992,Hewett,,
1993,Hewie,,
1994,Hewitt,,
1995,Heywood,,
1996,Hezekiah,,
1997,Higgins,,
1998,Hilarie,,
1999,Hilary,,
2000,Hilary,,
2001,Hilbert,,
2002,Hilda,,
2003,Hildagard,,
2004,Hildagarde,,
2005,Hilde,,
2006,Hildegaard,,
2007,Hildegarde,,
2008,Hildy,,
2009,Hill,,
2010,Hillard,,
2011,Hillary,,
2012,Hillary,,
2013,Hillel,,
2014,Hillery,,
2015,Hilliard,,
2016,Hilliary,,
2017,Hilton,,
2018,Hinda,,
2019,Hiralal,,
2020,Hiram,,
2021,Hiro,,
2022,Hirsch,,
2023,Hobart,,
2024,Hodge,,
2025,Hogan,,
2026,Holley,,
2027,Holli,,
2028,Hollie,,
2029,Hollis,,
2030,Holly,,
2031,Holly,,
2032,Holly-Anne,,
2033,Hollyanne,,
2034,Homer,,
2035,Honey,,
2036,Honor,,
2037,Honoria,,
2038,Hope,,
2039,Horace,,
2040,Horacio,,
2041,Horatia,,
2042,Horatio,,
2043,Horatius,,
2044,Horst,,
2045,Hortense,,
2046,Hortensia,,
2047,Howard,,
2048,Howie,,
2049,Hoyt,,
2050,Hubert,,
2051,Hudson,,
2052,Huey,,
2053,Hugh,,
2054,Hugo,,
2055,Hulda,,
2056,Humbert,,
2057,Humphrey,,
2058,Hunt,,
2059,Hunter,,
2060,Huntington,,
2061,Huntlee,,
2062,Huntley,,
2063,Hurley,,
2064,Husain,,
2065,Husein,,
2066,Hussein,,
2067,Hy,,
2068,Hyacinth,,
2069,Hyacintha,,
2070,Hyacinthe,,
2071,Hyacinthia,,
2072,Hyacinthie,,
2073,Hyatt,,
2074,Hyman,,
2075,Hymie,,
2076,Hynda,,
2077,Iago,,
2078,Iain,,
2079,Ian,,
2080,Ianthe,,
2081,Ibbie,,
2082,Ibby,,
2083,Ibrahim,,
2084,Ichabod,,
2085,Ida,,
2086,Idalia,,
2087,Idalina,,
2088,Idaline,,
2089,Idell,,
2090,Janna,,
2091,Jannel,,
2092,Jannelle,,
2093,Janos,,
2094,Janot,,
2095,Janus,,
2096,Jany,,
2097,Jaquelin,,
2098,Jaquelyn,,
2099,Jaquenetta,,
2100,Jaquenette,,
2101,Jaquith,,
2102,Jared,,
2103,Jarrett,,
2104,Jarvis,,
2105,Jasmin,,
2106,Jasmina,,
2107,Jasmine,,
2108,Jason,,
2109,Jasper,,
2110,Javier,,
2111,Jay,,
2112,Jayme,,
2113,Jaymee,,
2114,Jayne,,
2115,Jaynell,,
2116,Jazmin,,
2117,Jean,,
2118,Jean,,
2119,Jean-Christophe,,
2120,Jean-Francois,,
2121,Jean-Lou,,
2122,Jean-Luc,,
2123,Jean-Marc,,
2124,Jean-Paul,,
2125,Jean-Pierre,,
2126,Jeana,,
2127,Jeane,,
2128,Jeanelle,,
2129,Jeanette,,
2130,Jeanie,,
2131,Jeanine,,
2132,Jeanna,,
2133,Jeanne,,
2134,Jeannette,,
2135,Jeannie,,
2136,Jeannine,,
2137,Jeb,,
2138,Jed,,
2139,Jedediah,,
2140,Jef,,
2141,Jeff,,
2142,Jefferey,,
2143,Jefferson,,
2144,Jeffery,,
2145,Jeffie,,
2146,Jeffrey,,
2147,Jeffry,,
2148,Jefry,,
2149,Jehanna,,
2150,Jehu,,
2151,Jelene,,
2152,Jemie,,
2153,Jemima,,
2154,Jemimah,,
2155,Jemmie,,
2156,Jemmy,,
2157,Jen,,
2158,Jena,,
2159,Jenda,,
2160,Jenelle,,
2161,Jenette,,
2162,Jeni,,
2163,Jenica,,
2164,Jeniece,,
2165,Jenifer,,
2166,Jeniffer,,
2167,Jenilee,,
2168,Jenine,,
2169,Jenn,,
2170,Jenna,,
2171,Jennee,,
2172,Jennette,,
2173,Jenni,,
2174,Jennica,,
2175,Jennie,,
2176,Jennifer,,
2177,Jennilee,,
2178,Jennine,,
2179,Jennings,,
2180,Jenny,,
2181,Jens,,
2182,Jephthah,,
2183,Jerald,,
2184,Jeraldine,,
2185,Jeralee,,
2186,Jeramie,,
2187,Jere,,
2188,Jere,,
2189,Jereme,,
2190,Jeremiah,,
2191,Jeremias,,
2192,Jeremie,,
2193,Jeremy,,
2194,Jeri,,
2195,Jermain,,
2196,Jermaine,,
2197,Jermaine,,
2198,Jermayne,,
2199,Jerold,,
2200,Jerome,,
2201,Jeromy,,
2202,Jerri,,
2203,Jerrie,,
2204,Jerrie,,
2205,Jerrilee,,
2206,Jerrilyn,,
2207,Jerrine,,
2208,Jerrold,,
2209,Jerrome,,
2210,Jerry,,
2211,Jerry,,
2212,Jerrylee,,
2213,Jervis,,
2214,Jerzy,,
2215,Jess,,
2216,Jess,,
2217,Jessa,,
2218,Jessalin,,
2219,Jessalyn,,
2220,Jessamine,,
2221,Jessamyn,,
2222,Jesse,,
2223,Jesse,,
2224,Jessee,,
2225,Jesselyn,,
2226,Jessey,,
2227,Jessi,,
2228,Jessica,,
2229,Jessie,,
2230,Jobi,,
2231,Jobie,,
2232,Jobina,,
2233,Joby,,
2234,Jobye,,
2235,Jobyna,,
2236,Jocelin,,
2237,Joceline,,
2238,Jocelyn,,
2239,Jocelyne,,
2240,Jock,,
2241,Jodee,,
2242,Jodi,,
2243,Jodi,,
2244,Jodie,,
2245,Jodie,,
2246,Jody,,
2247,Jody,,
2248,Joe,,
2249,Joel,,
2250,Joela,,
2251,Joelie,,
2252,Joell,,
2253,Joella,,
2254,Joelle,,
2255,Joellen,,
2256,Joelly,,
2257,Joellyn,,
2258,Joelynn,,
2259,Joete,,
2260,Joey,,
2261,Joey,,
2262,Johan,,
2263,Johann,,
2264,Johanna,,
2265,Johannah,,
2266,Johannes,,
2267,John,,
2268,John-David,,
2269,John-Patrick,,
2270,Johnathan,,
2271,Johnathon,,
2272,Johnette,,
2273,Johnna,,
2274,Johnnie,,
2275,Johnny,,
2276,Johny,,
2277,Joice,,
2278,Jojo,,
2279,Jolee,,
2280,Joleen,,
2281,Jolene,,
2282,Joletta,,
2283,Joli,,
2284,Jolie,,
2285,Joline,,
2286,Joly,,
2287,Jolyn,,
2288,Jolynn,,
2289,Jon,,
2290,Jonah,,
2291,Jonas,,
2292,Jonathan,,
2293,Jonathon,,
2294,Jonell,,
2295,Joni,,
2296,Jonie,,
2297,Jonis,,
2298,Jonny,,
2299,Jordain,,
2300,Jordan,,
2301,Jordan,,
2302,Jordana,,
2303,Jordanna,,
2304,Jordon,,
2305,Jordy,,
2306,Jorey,,
2307,Jorge,,
2308,Jori,,
2309,Jorie,,
2310,Jorrie,,
2311,Jorry,,
2312,Jory,,
2313,Joscelin,,
2314,Jose,,
2315,Josee,,
2316,Josef,,
2317,Josefa,,
2318,Josefina,,
2319,Joselyn,,
2320,Joseph,,
2321,Josepha,,
2322,Josephina,,
2323,Josephine,,
2324,Josephus,,
2325,Josey,,
2326,Josh,,
2327,Joshua,,
2328,Joshuah,,
2329,Josi,,
2330,Josiah,,
2331,Josie,,
2332,Joslyn,,
2333,Josselyn,,
2334,Josy,,
2335,Jotham,,
2336,Jourdan,,
2337,Joy,,
2338,Joya,,
2339,Joyan,,
2340,Joyann,,
2341,Joyce,,
2342,Joycelin,,
2343,Joye,,
2344,Joyous,,
2345,Juan,,
2346,Juana,,
2347,Juanita,,
2348,Juanita,,
2349,Jud,,
2350,Judah,,
2351,Judas,,
2352,Judd,,
2353,Jude,,
2354,Jude,,
2355,Judi,,
2356,Judie,,
2357,Judith,,
2358,Judith,,
2359,Juditha,,
2360,Judson,,
2361,Judy,,
2362,Judy,,
2363,Judye,,
2364,Juergen,,
2365,Jule,,
2366,Julee,,
2367,Jules,,
2368,Juli,,
2369,Julia,,
2370,Julian,,
2371,Juliana,,
2372,Juliane,,
2373,Juliann,,
2374,Julianna,,
2375,Julianne,,
2376,Julie,,
2377,Julie,,
2378,Julienne,,
2379,Juliet,,
2380,Julieta,,
2381,Julietta,,
2382,Juliette,,
2383,Julina,,
2384,Juline,,
2385,Julio,,
2386,Julissa,,
2387,Julita,,
2388,Julius,,
2389,June,,
2390,Junette,,
2391,Junia,,
2392,Junie,,
2393,Junina,,
2394,Justin,,
2395,Justin,,
2396,Justina,,
2397,Justine,,
2398,Justis,,
2399,Jyoti,,
2400,Kaari,,
2401,Kacey,,
2402,Kacie,,
2403,Kacy,,
2404,Kai,,
2405,Kaia,,
2406,Kaila,,
2407,Kaile,,
2408,Kailey,,
2409,Kaiser,,
2410,Kaitlin,,
2411,Kaitlyn,,
2412,Kaitlynn,,
2413,Kaja,,
2414,Kakalina,,
2415,Kala,,
2416,Kaleb,,
2417,Kaleena,,
2418,Kali,,
2419,Kalie,,
2420,Kalil,,
2421,Kalila,,
2422,Kalina,,
2423,Kalinda,,
2424,Kalindi,,
2425,Kalle,,
2426,Kalli,,
2427,Kally,,
2428,Kalman,,
2429,Kalvin,,
2430,Kam,,
2431,Kameko,,
2432,Kamila,,
2433,Kamilah,,
2434,Kamillah,,
2435,Kandace,,
2436,Kandy,,
2437,Kane,,
2438,Kania,,
2439,Kanya,,
2440,Kara,,
2441,Kara-Lynn,,
2442,Karalee,,
2443,Karalynn,,
2444,Kare,,
2445,Karee,,
2446,Kareem,,
2447,Karel,,
2448,Karel,,
2449,Karen,,
2450,Karena,,
2451,Kari,,
2452,Karia,,
2453,Karie,,
2454,Karil,,
2455,Karilynn,,
2456,Karim,,
2457,Karin,,
2458,Karina,,
2459,Karine,,
2460,Kariotta,,
2461,Karisa,,
2462,Karissa,,
2463,Karita,,
2464,Karl,,
2465,Karla,,
2466,Karlee,,
2467,Karleen,,
2468,Karlen,,
2469,Karlene,,
2470,Karlie,,
2471,Karlotta,,
2472,Karlotte,,
2473,Karly,,
2474,Karlyn,,
2475,Karmen,,
2476,Karna,,
2477,Karol,,
2478,Karola,,
2479,Karole,,
2480,Karolina,,
2481,Karoline,,
2482,Karoly,,
2483,Karon,,
2484,Karrah,,
2485,Karrie,,
2486,Karry,,
2487,Karsten,,
2488,Kary,,
2489,Karyl,,
2490,Karylin,,
2491,Karyn,,
2492,Kasey,,
2493,Kaspar,,
2494,Kass,,
2495,Kassandra,,
2496,Kassey,,
2497,Kassi,,
2498,Kassia,,
2499,Kassie,,
2500,Kaster,,
2501,Kat,,
2502,Kata,,
2503,Katalin,,
2504,Kate,,
2505,Katee,,
2506,Katerina,,
2507,Katerine,,
2508,Katey,,
2509,Kath,,
2510,Katha,,
2511,Katharina,,
2512,Katharine,,
2513,Katharyn,,
2514,Kathe,,
2515,Katheleen,,
2516,Katherina,,
2517,Katherine,,
2518,Katheryn,,
2519,Kathi,,
2520,Kathie,,
2521,Kathleen,,
2522,Kathlene,,
2523,Kathlin,,
2524,Kathrine,,
2525,Kathryn,,
2526,Kathryne,,
2527,Kathy,,
2528,Kathye,,
2529,Kati,,
2530,Katie,,
2531,Katina,,
2532,Katine,,
2533,Katinka,,
2534,Katleen,,
2535,Katlin,,
2536,Katrina,,
2537,Kristin,,
2538,Kristina,,
2539,Kristine,,
2540,Kristopher,,
2541,Kristos,,
2542,Kristy,,
2543,Kristyn,,
2544,Krysta,,
2545,Krystal,,
2546,Krystalle,,
2547,Krystle,,
2548,Krystyna,,
2549,Kurt,,
2550,Kurtis,,
2551,Kyla,,
2552,Kyle,,
2553,Kyle,,
2554,Kylen,,
2555,Kylie,,
2556,Kylila,,
2557,Kylynn,,
2558,Kym,,
2559,Kynthia,,
2560,Kyrstin,,
2561,La,,
2562,Lacee,,
2563,Lacey,,
2564,Lacie,,
2565,Lacy,,
2566,Ladonna,,
2567,Laetitia,,
2568,Laila,,
2569,Laina,,
2570,Lainey,,
2571,Laird,,
2572,Lamar,,
2573,Lamb,,
2574,Lambert,,
2575,Lamont,,
2576,Lana,,
2577,Lance,,
2578,Lancelot,,
2579,Lane,,
2580,Lane,,
2581,Lanette,,
2582,Laney,,
2583,Langston,,
2584,Lani,,
2585,Lanie,,
2586,Lanita,,
2587,Lanna,,
2588,Lanni,,
2589,Lanny,,
2590,Lanny,,
2591,Lara,,
2592,Laraine,,
2593,Lari,,
2594,Larina,,
2595,Larine,,
2596,Larisa,,
2597,Larissa,,
2598,Lark,,
2599,Larry,,
2600,Lars,,
2601,Laryssa,,
2602,Latashia,,
2603,Latia,,
2604,Latisha,,
2605,Latrena,,
2606,Latrina,,
2607,Laura,,
2608,Lauraine,,
2609,Laural,,
2610,Lauralee,,
2611,Laurance,,
2612,Laure,,
2613,Lauree,,
2614,Laureen,,
2615,Laurel,,
2616,Laurella,,
2617,Lauren,,
2618,Lauren,,
2619,Laurena,,
2620,Laurence,,
2621,Laurene,,
2622,Laurens,,
2623,Laurent,,
2624,Lauretta,,
2625,Laurette,,
2626,Lauri,,
2627,Laurianne,,
2628,Laurice,,
2629,Laurie,,
2630,Laurie,,
2631,Lauryn,,
2632,Lavena,,
2633,Laverna,,
2634,Laverne,,
2635,Lavina,,
2636,Lavinia,,
2637,Lavinie,,
2638,Lawerence,,
2639,Lawrence,,
2640,Lawson,,
2641,Lawton,,
2642,Lay,,
2643,Layla,,
2644,Layne,,
2645,Layney,,
2646,Layton,,
2647,Lazar,,
2648,Lazare,,
2649,Lazaro,,
2650,Lazarus,,
2651,Lazlo,,
2652,Lea,,
2653,Leah,,
2654,Leandra,,
2655,Leann,,
2656,Leanna,,
2657,Leanne,,
2658,Leanor,,
2659,Leanora,,
2660,Lebbie,,
2661,Leda,,
2662,Lee,,
2663,Lee,,
2664,LeeAnn,,
2665,Leeann,,
2666,Leeanne,,
2667,Leela,,
2668,Leelah,,
2669,Leena,,
2670,Leesa,,
2671,Leese,,
2672,Lefty,,
2673,Legra,,
2674,Leia,,
2675,Leiah,,
2676,Leif,,
2677,Leigh,,
2678,Leigh,,
2679,Leigha,,
2680,Leighton,,
2681,Leila,,
2682,Leilah,,
2683,Leisha,,
2684,Lela,,
2685,Lelah,,
2686,Leland,,
2687,Leland,,
2688,Lelia,,
2689,Lem,,
2690,Lemar,,
2691,Lemmie,,
2692,Lemmy,,
2693,Lemuel,,
2694,Len,,
2695,Lena,,
2696,Lenard,,
2697,Lenee,,
2698,Lenette,,
2699,Lenka,,
2700,Lenna,,
2701,Lennie,,
2702,Lenny,,
2703,Lenora,,
2704,Lenore,,
2705,Leo,,
2706,Leodora,,
2707,Leoine,,
2708,Leola,,
2709,Leoline,,
2710,Leon,,
2711,Leona,,
2712,Leonanie,,
2713,Leonard,,
2714,Leonardo,,
2715,Leone,,
2716,Leonelle,,
2717,Lilllie,,
2718,Lilly,,
2719,Lily,,
2720,Lilyan,,
2721,Lin,,
2722,Lin,,
2723,Lina,,
2724,Lincoln,,
2725,Lind,,
2726,Lind,,
2727,Linda,,
2728,Lindi,,
2729,Lindie,,
2730,Lindsay,,
2731,Lindsay,,
2732,Lindsey,,
2733,Lindsey,,
2734,Lindsy,,
2735,Lindy,,
2736,Lindy,,
2737,Linea,,
2738,Linell,,
2739,Linet,,
2740,Linette,,
2741,Linn,,
2742,Linnea,,
2743,Linnell,,
2744,Linnet,,
2745,Linnie,,
2746,Linoel,,
2747,Linus,,
2748,Linzy,,
2749,Lion,,
2750,Lionel,,
2751,Lionello,,
2752,Liora,,
2753,Liorah,,
2754,Lira,,
2755,Lisa,,
2756,Lisabeth,,
2757,Lisandra,,
2758,Lisbeth,,
2759,Lise,,
2760,Lisetta,,
2761,Lisette,,
2762,Lisha,,
2763,Lishe,,
2764,Lissa,,
2765,Lissi,,
2766,Lissie,,
2767,Lissy,,
2768,Lita,,
2769,Liuka,,
2770,Livia,,
2771,Liz,,
2772,Liza,,
2773,Lizabeth,,
2774,Lizbeth,,
2775,Lizette,,
2776,Lizzie,,
2777,Lizzy,,
2778,Llewellyn,,
2779,Lloyd,,
2780,Locke,,
2781,Lockwood,,
2782,Loella,,
2783,Logan,,
2784,Lois,,
2785,Loise,,
2786,Lola,,
2787,Lolande,,
2788,Loleta,,
2789,Lolita,,
2790,Lolly,,
2791,Lon,,
2792,Lona,,
2793,Lonee,,
2794,Loni,,
2795,Lonna,,
2796,Lonni,,
2797,Lonnie,,
2798,Lonnie,,
2799,Lonny,,
2800,Lora,,
2801,Lorain,,
2802,Loraine,,
2803,Loralee,,
2804,Loralie,,
2805,Loralyn,,
2806,Loree,,
2807,Loreen,,
2808,Lorelei,,
2809,Lorelle,,
2810,Loren,,
2811,Loren,,
2812,Lorena,,
2813,Lorene,,
2814,Lorenza,,
2815,Lucio,,
2816,Lucita,,
2817,Lucius,,
2818,Lucky,,
2819,Lucretia,,
2820,Lucy,,
2821,Ludvig,,
2822,Ludwig,,
2823,Luella,,
2824,Luelle,,
2825,Luigi,,
2826,Luis,,
2827,Luisa,,
2828,Luise,,
2829,Lukas,,
2830,Luke,,
2831,Lula,,
2832,Lulita,,
2833,Lulu,,
2834,Luna,,
2835,Lura,,
2836,Lurette,,
2837,Lurleen,,
2838,Lurlene,,
2839,Lurline,,
2840,Lusa,,
2841,Lust,,
2842,Luther,,
2843,Lyda,,
2844,Lydia,,
2845,Lydie,,
2846,Lyle,,
2847,Lyn,,
2848,Lyn,,
2849,Lynda,,
2850,Lynde,,
2851,Lyndel,,
2852,Lyndell,,
2853,Lyndon,,
2854,Lyndsay,,
2855,Lyndsey,,
2856,Lyndsie,,
2857,Lyndy,,
2858,Lynea,,
2859,Lynelle,,
2860,Lynett,,
2861,Lynette,,
2862,Lynn,,
2863,Lynn,,
2864,Lynna,,
2865,Lynne,,
2866,Lynnea,,
2867,Lynnell,,
2868,Lynnelle,,
2869,Lynnet,,
2870,Lynnett,,
2871,Lynnette,,
2872,Lynsey,,
2873,Lysandra,,
2874,Lyssa,,
2875,Mab,,
2876,Mabel,,
2877,Mabelle,,
2878,Mable,,
2879,Mac,,
2880,Mace,,
2881,Mack,,
2882,Mackenzie,,
2883,Mada,,
2884,Madalena,,
2885,Madalyn,,
2886,Maddalena,,
2887,Maddi,,
2888,Maddie,,
2889,Maddie,,
2890,Maddy,,
2891,Maddy,,
2892,Madel,,
2893,Madelaine,,
2894,Madeleine,,
2895,Madelena,,
2896,Madelene,,
2897,Madelin,,
2898,Madelina,,
2899,Madeline,,
2900,Madella,,
2901,Madelle,,
2902,Madelon,,
2903,Madelyn,,
2904,Madge,,
2905,Madison,,
2906,Madlen,,
2907,Madlin,,
2908,Madona,,
2909,Madonna,,
2910,Mady,,
2911,Mae,,
2912,Maegan,,
2913,Mag,,
2914,Magda,,
2915,Magdaia,,
2916,Magdalen,,
2917,Magdalena,,
2918,Magdalene,,
2919,Maggee,,
2920,Maggi,,
2921,Maggie,,
2922,Maggy,,
2923,Magna,,
2924,Magnum,,
2925,Magnus,,
2926,Mahala,,
2927,Mahalia,,
2928,Mahesh,,
2929,Mahmoud,,
2930,Mahmud,,
2931,Maia,,
2932,Maible,,
2933,Maiga,,
2934,Mair,,
2935,Maire,,
2936,Mairead,,
2937,Maisey,,
2938,Maisie,,
2939,Maison,,
2940,Major,,
2941,Mala,,
2942,Malanie,,
2943,Malcah,,
2944,Malcolm,,
2945,Malena,,
2946,Malia,,
2947,Malina,,
2948,Malinda,,
2949,Malinde,,
2950,Malissa,,
2951,Malissia,,
2952,Malka,,
2953,Malkah,,
2954,Mallissa,,
2955,Mallorie,,
2956,Mallory,,
2957,Malorie,,
2958,Malory,,
2959,Malva,,
2960,Malvina,,
2961,Malynda,,
2962,Mame,,
2963,Mamie,,
2964,Manda,,
2965,Mandi,,
2966,Mandie,,
2967,Mandy,,
2968,Manfred,,
2969,Manish,,
2970,Manny,,
2971,Manon,,
2972,Manuel,,
2973,Manya,,
2974,Mara,,
2975,Marabel,,
2976,Marc,,
2977,Marcel,,
2978,Marcela,,
2979,Marcelia,,
2980,Marcella,,
2981,Marcelle,,
2982,Marcellina,,
2983,Marcelline,,
2984,Marcello,,
2985,Marcellus,,
2986,Marcelo,,
2987,Marchall,,
2988,Marchelle,,
2989,Marci,,
2990,Marcia,,
2991,Marcie,,
2992,Marcile,,
2993,Marcille,,
2994,Marcio,,
2995,Marco,,
2996,Marcos,,
2997,Marcus,,
2998,Marcy,,
2999,Mareah,,
3000,Maren,,
3001,Marena,,
3002,Maressa,,
3003,Marga,,
3004,Margalit,,
3005,Margalo,,
3006,Margaret,,
3007,Margareta,,
3008,Margarete,,
3009,Margaretha,,
3010,Margarethe,,
3011,Margaretta,,
3012,Margarette,,
3013,Margarita,,
3014,Margaux,,
3015,Marge,,
3016,Margeaux,,
3017,Margery,,
3018,Marget,,
3019,Margette,,
3020,Margi,,
3021,Margie,,
3022,Margit,,
3023,Marglerite,,
3024,Margo,,
3025,Margot,,
3026,Margret,,
3027,Marguerite,,
3028,Margurite,,
3029,Margy,,
3030,Mari,,
3031,Maria,,
3032,Mariam,,
3033,Marian,,
3034,Mariana,,
3035,Mariann,,
3036,Marianna,,
3037,Marianne,,
3038,Maribel,,
3039,Maribelle,,
3040,Maribeth,,
3041,Marice,,
3042,Maridel,,
3043,Marie,,
3044,Marie-Ann,,
3045,Marie-Jeanne,,
3046,Marieann,,
3047,Mariejeanne,,
3048,Mariel,,
3049,Mariele,,
3050,Marielle,,
3051,Mariellen,,
3052,Marietta,,
3053,Marietta,,
3054,Mariette,,
3055,Marigold,,
3056,Marijo,,
3057,Marika,,
3058,Marilee,,
3059,Marilin,,
3060,Marillin,,
3061,Marilu,,
3062,Marilyn,,
3063,Marin,,
3064,Marina,,
3065,Marinna,,
3066,Mario,,
3067,Marion,,
3068,Marion,,
3069,Mariquilla,,
3070,Maris,,
3071,Marisa,,
3072,Mariska,,
3073,Marissa,,
3074,Marit,,
3075,Marita,,
3076,Maritsa,,
3077,Marius,,
3078,Mariya,,
3079,Marj,,
3080,Marja,,
3081,Marje,,
3082,Marji,,
3083,Marjie,,
3084,Marjorie,,
3085,Marjory,,
3086,Marjy,,
3087,Mark,,
3088,Marketa,,
3089,Marko,,
3090,Markos,,
3091,Markus,,
3092,Marla,,
3093,Marlane,,
3094,Marleah,,
3095,Marlee,,
3096,Marleen,,
3097,Marlena,,
3098,Marlene,,
3099,Marley,,
3100,Marlie,,
3101,Marlin,,
3102,Marline,,
3103,Marlo,,
3104,Marlo,,
3105,Marlon,,
3106,Marlow,,
3107,Marlowe,,
3108,Marlyn,,
3109,Marmaduke,,
3110,Marna,,
3111,Marne,,
3112,Marney,,
3113,Marni,,
3114,Marnia,,
3115,Marnie,,
3116,Marquita,,
3117,Marrilee,,
3118,Marris,,
3119,Marrissa,,
3120,Marry,,
3121,Marsh,,
3122,Marsha,,
3123,Marshal,,
3124,Marshall,,
3125,Marsiella,,
3126,Mart,,
3127,Marta,,
3128,Martainn,,
3129,Martelle,,
3130,Marten,,
3131,Martguerita,,
3132,Martha,,
3133,Marthe,,
3134,Marthena,,
3135,Marti,,
3136,Martica,,
3137,Martie,,
3138,Martie,,
3139,Martin,,
3140,Martina,,
3141,Martino,,
3142,Martita,,
3143,Marty,,
3144,Marty,,
3145,Martyn,,
3146,Martynne,,
3147,Marv,,
3148,Marve,,
3149,Marven,,
3150,Marvin,,
3151,Marwin,,
3152,Mary,,
3153,Marya,,
3154,Maryangelyn,,
3155,Maryann,,
3156,Maryanna,,
3157,Maryanne,,
3158,Marybelle,,
3159,Marybeth,,
3160,Maryellen,,
3161,Maryjane,,
3162,Maryjo,,
3163,Maryl,,
3164,Marylee,,
3165,Marylin,,
3166,Marylinda,,
3167,Marylou,,
3168,Marylynne,,
3169,Maryrose,,
3170,Marys,,
3171,Marysa,,
3172,Masha,,
3173,Mason,,
3174,Matelda,,
3175,Mateo,,
3176,Mathew,,
3177,Mathias,,
3178,Mathilda,,
3179,Mathilde,,
3180,Matias,,
3181,Matilda,,
3182,Matilde,,
3183,Matt,,
3184,Matteo,,
3185,Matthaeus,,
3186,Mattheus,,
3187,Matthew,,
3188,Matthias,,
3189,Matthieu,,
3190,Matthiew,,
3191,Matthus,,
3192,Matti,,
3193,Mattias,,
3194,Mattie,,
3195,Mattie,,
3196,Matty,,
3197,Matty,,
3198,Maud,,
3199,Maude,,
3200,Maudie,,
3201,Maura,,
3202,Maure,,
3203,Maureen,,
3204,Maureene,,
3205,Maurene,,
3206,Maurice,,
3207,Mauricio,,
3208,Maurie,,
3209,Maurine,,
3210,Maurise,,
3211,Maurise,,
3212,Maurita,,
3213,Maurits,,
3214,Mauritz,,
3215,Maury,,
3216,Mavis,,
3217,Mavra,,
3218,Max,,
3219,Max,,
3220,Maxfield,,
3221,Maxi,,
3222,Maxie,,
3223,Maxie,,
3224,Maxim,,
3225,Maximilian,,
3226,Maximilien,,
3227,Maxine,,
3228,Maxwell,,
3229,Maxy,,
3230,May,,
3231,Maya,,
3232,Maybelle,,
3233,Mayda,,
3234,Maye,,
3235,Mayer,,
3236,Maynard,,
3237,Maynord,,
3238,Mayor,,
3239,Mead,,
3240,Mead,,
3241,Meade,,
3242,Meade,,
3243,Meagan,,
3244,Meaghan,,
3245,Meara,,
3246,Mechelle,,
3247,Meg,,
3248,Megan,,
3249,Megen,,
3250,Meggan,,
3251,Meggi,,
3252,Meggie,,
3253,Meggy,,
3254,Meghan,,
3255,Meghann,,
3256,Mehetabel,,
3257,Mei,,
3258,Meier,,
3259,Meir,,
3260,Meira,,
3261,Mel,,
3262,Mel,,
3263,Mela,,
3264,Melamie,,
3265,Melania,,
3266,Melanie,,
3267,Melantha,,
3268,Melany,,
3269,Melba,,
3270,Melesa,,
3271,Melessa,,
3272,Melicent,,
3273,Melina,,
3274,Melinda,,
3275,Melinde,,
3276,Melisa,,
3277,Melisande,,
3278,Melisandra,,
3279,Michaela,,
3280,Michaelina,,
3281,Michaeline,,
3282,Michaella,,
3283,Michail,,
3284,Michal,,
3285,Michal,,
3286,Michale,,
3287,Micheal,,
3288,Micheil,,
3289,Michel,,
3290,Michel,,
3291,Michele,,
3292,Michele,,
3293,Michelina,,
3294,Micheline,,
3295,Michell,,
3296,Michelle,,
3297,Mick,,
3298,Mickey,,
3299,Micki,,
3300,Mickie,,
3301,Mickie,,
3302,Micky,,
3303,Micky,,
3304,Midge,,
3305,Mignon,,
3306,Mignonne,,
3307,Miguel,,
3308,Miguela,,
3309,Miguelita,,
3310,Mika,,
3311,Mikael,,
3312,Mikako,,
3313,Mike,,
3314,Mikel,,
3315,Mikey,,
3316,Mikhail,,
3317,Mildred,,
3318,Mildrid,,
3319,Milena,,
3320,Miles,,
3321,Milicent,,
3322,Milissent,,
3323,Milka,,
3324,Milli,,
3325,Millicent,,
3326,Millicent,,
3327,Millie,,
3328,Millisent,,
3329,Milly,,
3330,Milo,,
3331,Milt,,
3332,Milton,,
3333,Milzie,,
3334,Mimi,,
3335,Min,,
3336,Mina,,
3337,Minda,,
3338,Mindy,,
3339,Minerva,,
3340,Minetta,,
3341,Minette,,
3342,Minna,,
3343,Minni,,
3344,Minnie,,
3345,Minny,,
3346,Minta,,
3347,Miquela,,
3348,Mira,,
3349,Mirabel,,
3350,Mirabella,,
3351,Mirabelle,,
3352,Miran,,
3353,Miranda,,
3354,Mireielle,,
3355,Mireille,,
3356,Mirella,,
3357,Mirelle,,
3358,Miriam,,
3359,Mirilla,,
3360,Mirna,,
3361,Mischa,,
3362,Misha,,
3363,Missie,,
3364,Missy,,
3365,Misti,,
3366,Misty,,
3367,Mitch,,
3368,Mitchael,,
3369,Mitchel,,
3370,Mitchell,,
3371,Mitra,,
3372,Mitzi,,
3373,Mmarianne,,
3374,Modesta,,
3375,Modestia,,
3376,Modestine,,
3377,Modesty,,
3378,Moe,,
3379,Mohamad,,
3380,Mohamed,,
3381,Mohammad,,
3382,Mohammed,,
3383,Mohan,,
3384,Moina,,
3385,Moira,,
3386,Moise,,
3387,Moises,,
3388,Moishe,,
3389,Moll,,
3390,Mollee,,
3391,Molli,,
3392,Mollie,,
3393,Molly,,
3394,Mommy,,
3395,Mona,,
3396,Monah,,
3397,Monica,,
3398,Monika,,
3399,Monique,,
3400,Monroe,,
3401,Montague,,
3402,Monte,,
3403,Montgomery,,
3404,Monty,,
3405,Moore,,
3406,Mora,,
3407,Mordecai,,
3408,Moreen,,
3409,Morena,,
3410,Morgan,,
3411,Morgan,,
3412,Morgana,,
3413,Morganica,,
3414,Morganne,,
3415,Morgen,,
3416,Moria,,
3417,Morissa,,
3418,Morlee,,
3419,Morlee,,
3420,Morley,,
3421,Morly,,
3422,Morna,,
3423,Morrie,,
3424,Morris,,
3425,Morry,,
3426,Morse,,
3427,Mort,,
3428,Morten,,
3429,Mortie,,
3430,Mortimer,,
3431,Morton,,
3432,Morty,,
3433,Mose,,
3434,Moselle,,
3435,Moses,,
3436,Moshe,,
3437,Moss,,
3438,Moya,,
3439,Moyna,,
3440,Moyra,,
3441,Mozelle,,
3442,Muffin,,
3443,Muffin,,
3444,Mufi,,
3445,Mufinella,,
3446,Mugsy,,
3447,Muhammad,,
3448,Muire,,
3449,Munmro,,
3450,Munroe,,
3451,Murdoch,,
3452,Murdock,,
3453,Mureil,,
3454,Murial,,
3455,Muriel,,
3456,Murielle,,
3457,Murphy,,
3458,Murray,,
3459,Mustafa,,
3460,Myke,,
3461,Myles,,
3462,Mylo,,
3463,Myna,,
3464,Myra,,
3465,Myrah,,
3466,Myranda,,
3467,Myriam,,
3468,Myrilla,,
3469,Myrle,,
3470,Myrlene,,
3471,Myrna,,
3472,Myron,,
3473,Myrta,,
3474,Myrtia,,
3475,Myrtice,,
3476,Myrtie,,
3477,Myrtle,,
3478,Nada,,
3479,Nadean,,
3480,Nadeen,,
3481,Nadia,,
3482,Nadine,,
3483,Nadiya,,
3484,Nady,,
3485,Nadya,,
3486,Nahum,,
3487,Nalani,,
3488,Nan,,
3489,Nana,,
3490,Nananne,,
3491,Nance,,
3492,Nancee,,
3493,Nancey,,
3494,Nanci,,
3495,Nancie,,
3496,Nancy,,
3497,Nanete,,
3498,Nanette,,
3499,Nani,,
3500,Nanice,,
3501,Nanine,,
3502,Nannette,,
3503,Nanni,,
3504,Nannie,,
3505,Nanny,,
3506,Nanon,,
3507,Naoma,,
3508,Naomi,,
3509,Napoleon,,
3510,Nara,,
3511,Nari,,
3512,Nariko,,
3513,Nat,,
3514,Nat,,
3515,Nata,,
3516,Natala,,
3517,Natale,,
3518,Natalee,,
3519,Natalia,,
3520,Natalie,,
3521,Natalina,,
3522,Nataline,,
3523,Natalya,,
3524,Natasha,,
3525,Natassia,,
3526,Nate,,
3527,Nathalia,,
3528,Nathalie,,
3529,Nathan,,
3530,Nathanael,,
3531,Nathanial,,
3532,Nathaniel,,
3533,Nathanil,,
3534,Natka,,
3535,Nicholas,,
3536,Nichole,,
3537,Nichole,,
3538,Nicholle,,
3539,Nichols,,
3540,Nick,,
3541,Nickey,,
3542,Nicki,,
3543,Nickie,,
3544,Nickie,,
3545,Nickolas,,
3546,Nicky,,
3547,Nicky,,
3548,Nico,,
3549,Nicol,,
3550,Nicola,,
3551,Nicolas,,
3552,Nicole,,
3553,Nicolea,,
3554,Nicolette,,
3555,Nicoli,,
3556,Nicolina,,
3557,Nicoline,,
3558,Nicolle,,
3559,Nidia,,
3560,Niels,,
3561,Nigel,,
3562,Nike,,
3563,Niki,,
3564,Niki,,
3565,Nikita,,
3566,Nikki,,
3567,Nikki,,
3568,Nikkie,,
3569,Nikolai,,
3570,Nikoletta,,
3571,Nikolia,,
3572,Nikos,,
3573,Nil,,
3574,Niles,,
3575,Nils,,
3576,Nilson,,
3577,Nina,,
3578,Ninetta,,
3579,Ninette,,
3580,Ninnetta,,
3581,Ninnette,,
3582,Ninon,,
3583,Nisa,,
3584,Nissa,,
3585,Nisse,,
3586,Nissie,,
3587,Nissy,,
3588,Nita,,
3589,Nitin,,
3590,Niven,,
3591,Nixie,,
3592,Noach,,
3593,Noah,,
3594,Noam,,
3595,Noami,,
3596,Noble,,
3597,Noe,,
3598,Noel,,
3599,Noel,,
3600,Noelani,,
3601,Noell,,
3602,Noella,,
3603,Noelle,,
3604,Noellyn,,
3605,Noelyn,,
3606,Noemi,,
3607,Nola,,
3608,Nolan,,
3609,Nolana,,
3610,Noland,,
3611,Nolie,,
3612,Nollie,,
3613,Nomi,,
3614,Nona,,
3615,Nonah,,
3616,Noni,,
3617,Nonie,,
3618,Nonna,,
3619,Nonnah,,
3620,Nora,,
3621,Norah,,
3622,Norbert,,
3623,Norean,,
3624,Noreen,,
3625,Norene,,
3626,Norina,,
3627,Norine,,
3628,Norm,,
3629,Norma,,
3630,Norman,,
3631,Normand,,
3632,Normie,,
3633,Norri,,
3634,Norrie,,
3635,Norris,,
3636,Norry,,
3637,Northrop,,
3638,Northrup,,
3639,Norton,,
3640,Norwood,,
3641,Nova,,
3642,Novelia,,
3643,Nunzio,,
3644,Nydia,,
3645,Nyssa,,
3646,Obadiah,,
3647,Obadias,,
3648,Oberon,,
3649,Obie,,
3650,Octavia,,
3651,Octavius,,
3652,Odele,,
3653,Odelia,,
3654,Odelinda,,
3655,Odell,,
3656,Odella,,
3657,Odelle,,
3658,Odessa,,
3659,Odetta,,
3660,Odette,,
3661,Odie,,
3662,Odilia,,
3663,Odille,,
3664,Odin,,
3665,Odysseus,,
3666,Ofelia,,
3667,Ofella,,
3668,Ofilia,,
3669,Ola,,
3670,Olaf,,
3671,Olag,,
3672,Ole,,
3673,Oleg,,
3674,Olenka,,
3675,Olga,,
3676,Olia,,
3677,Olimpia,,
3678,Olin,,
3679,Olive,,
3680,Oliver,,
3681,Olivette,,
3682,Olivia,,
3683,Olivie,,
3684,Olivier,,
3685,Oliy,,
3686,Olle,,
3687,Ollie,,
3688,Ollie,,
3689,Olly,,
3690,Olva,,
3691,Olwen,,
3692,Olympe,,
3693,Olympia,,
3694,Olympie,,
3695,Omar,,
3696,Ondrea,,
3697,Oneida,,
3698,Onida,,
3699,Onlea,,
3700,Oona,,
3701,Opal,,
3702,Opalina,,
3703,Opaline,,
3704,Ophelia,,
3705,Ophelie,,
3706,Oprah,,
3707,Ora,,
3708,Oral,,
3709,Oralee,,
3710,Oralia,,
3711,Oralie,,
3712,Oralla,,
3713,Oralle,,
3714,Oran,,
3715,Orazio,,
3716,Orbadiah,,
3717,Orel,,
3718,Orelee,,
3719,Orelia,,
3720,Orelie,,
3721,Orella,,
3722,Oswald,,
3723,Oswell,,
3724,Otes,,
3725,Otha,,
3726,Othelia,,
3727,Othella,,
3728,Othello,,
3729,Othilia,,
3730,Othilie,,
3731,Otho,,
3732,Otis,,
3733,Petunia,,
3734,Peyter,,
3735,Peyton,,
3736,Phaedra,,
3737,Phaidra,,
3738,Phebe,,
3739,Phedra,,
3740,Phelia,,
3741,Phil,,
3742,Phil,,
3743,Philbert,,
3744,Philip,,
3745,Philipa,,
3746,Philippa,,
3747,Philippe,,
3748,Philippine,,
3749,Philis,,
3750,Phillida,,
3751,Phillie,,
3752,Phillip,,
3753,Phillipe,,
3754,Phillipp,,
3755,Phillis,,
3756,Philly,,
3757,Philomena,,
3758,Phineas,,
3759,Phip,,
3760,Phoebe,,
3761,Phylis,,
3762,Phyllida,,
3763,Phyllis,,
3764,Phyllys,,
3765,Phylys,,
3766,Pia,,
3767,Pier,,
3768,Pierce,,
3769,Pierette,,
3770,Pierre,,
3771,Pierrette,,
3772,Pierson,,
3773,Piet,,
3774,Pieter,,
3775,Pietra,,
3776,Pietro,,
3777,Piggy,,
3778,Pincas,,
3779,Pinchas,,
3780,Pincus,,
3781,Piotr,,
3782,Pip,,
3783,Piper,,
3784,Pippa,,
3785,Pippy,,
3786,Plato,,
3787,Polly,,
3788,Pollyanna,,
3789,Pooh,,
3790,Pooh,,
3791,Poppy,,
3792,Porter,,
3793,Portia,,
3794,Poul,,
3795,Powell,,
3796,Praneetf,,
3797,Prasad,,
3798,Prasun,,
3799,Prent,,
3800,Prentice,,
3801,Prentiss,,
3802,Prescott,,
3803,Preston,,
3804,Price,,
3805,Prince,,
3806,Pris,,
3807,Prisca,,
3808,Priscella,,
3809,Priscilla,,
3810,Prissie,,
3811,Pru,,
3812,Prudence,,
3813,Prudi,,
3814,Prudy,,
3815,Prue,,
3816,Prunella,,
3817,Pryce,,
3818,Puff,,
3819,Purcell,,
3820,Putnam,,
3821,Pyotr,,
3822,Queada,,
3823,Queenie,,
3824,Quent,,
3825,Quentin,,
3826,Quentin,,
3827,Querida,,
3828,Quiggly,,
3829,Quigly,,
3830,Quigman,,
3831,Quill,,
3832,Quillan,,
3833,Quincey,,
3834,Quincy,,
3835,Quinlan,,
3836,Quinn,,
3837,Quinn,,
3838,Quint,,
3839,Quinta,,
3840,Quintana,,
3841,Quintilla,,
3842,Quintin,,
3843,Quintina,,
3844,Quinton,,
3845,Quintus,,
3846,Rab,,
3847,Rabbi,,
3848,Rabi,,
3849,Rachael,,
3850,Rachel,,
3851,Rachele,,
3852,Rachelle,,
3853,Rad,,
3854,Radcliffe,,
3855,Rae,,
3856,Raf,,
3857,Rafa,,
3858,Rafael,,
3859,Rafaela,,
3860,Rafaelia,,
3861,Rafaelita,,
3862,Raul,,
3863,Raven,,
3864,Ravi,,
3865,Ravil,,
3866,Rawley,,
3867,Ray,,
3868,Ray,,
3869,Raychel,,
3870,Raye,,
3871,Raymond,,
3872,Raymund,,
3873,Raymundo,,
3874,Rayna,,
3875,Raynard,,
3876,Raynell,,
3877,Rayner,,
3878,Raynor,,
3879,Rayshell,,
3880,Rea,,
3881,Reagan,,
3882,Reba,,
3883,Rebbecca,,
3884,Rebe,,
3885,Rebeca,,
3886,Rebecca,,
3887,Rebecka,,
3888,Rebeka,,
3889,Rebekah,,
3890,Rebekkah,,
3891,Red,,
3892,Redford,,
3893,Redmond,,
3894,Ree,,
3895,Reeba,,
3896,Reece,,
3897,Reed,,
3898,Reena,,
3899,Rees,,
3900,Reese,,
3901,Reeta,,
3902,Reeva,,
3903,Reg,,
3904,Regan,,
3905,Regan,,
3906,Regen,,
3907,Reggi,,
3908,Reggie,,
3909,Reggie,,
3910,Reggis,,
3911,Regina,,
3912,Regine,,
3913,Reiko,,
3914,Reina,,
3915,Reine,,
3916,Remy,,
3917,Rena,,
3918,Renae,,
3919,Renata,,
3920,Renate,,
3921,Rene,,
3922,Renee,,
3923,Renel,,
3924,Renell,,
3925,Renelle,,
3926,Renie,,
3927,Rennie,,
3928,Reta,,
3929,Retha,,
3930,Revkah,,
3931,Rey,,
3932,Reyna,,
3933,Rhea,,
3934,Rheba,,
3935,Rheta,,
3936,Rhetta,,
3937,Rhiamon,,
3938,Rhianna,,
3939,Rhianon,,
3940,Rhoda,,
3941,Rhodia,,
3942,Rhodie,,
3943,Rhody,,
3944,Rhona,,
3945,Rhonda,,
3946,Riane,,
3947,Riannon,,
3948,Rianon,,
3949,Rica,,
3950,Ricca,,
3951,Rici,,
3952,Ricki,,
3953,Rickie,,
3954,Ricky,,
3955,Riki,,
3956,Rikki,,
3957,Rina,,
3958,Risa,,
3959,Rissa,,
3960,Rita,,
3961,Riva,,
3962,Rivalee,,
3963,Rivi,,
3964,Rivkah,,
3965,Rivy,,
3966,Roana,,
3967,Roanna,,
3968,Roanne,,
3969,Robbi,,
3970,Robbie,,
3971,Robbin,,
3972,Robby,,
3973,Robbyn,,
3974,Robena,,
3975,Robenia,,
3976,Roberta,,
3977,Robin,,
3978,Robina,,
3979,Robinet,,
3980,Robinett,,
3981,Robinetta,,
3982,Robinette,,
3983,Robinia,,
3984,Roby,,
3985,Robyn,,
3986,Roch,,
3987,Rochell,,
3988,Rochella,,
3989,Rochelle,,
3990,Rochette,,
3991,Roda,,
3992,Rodi,,
3993,Rodie,,
3994,Rodina,,
3995,Rollins,,
3996,Rollo,,
3997,Rolph,,
3998,Romain,,
3999,Roman,,
4000,Romeo,,
4001,Romola,,
4002,Romona,,
4003,Romonda,,
4004,Romy,,
4005,Ron,,
4006,Rona,,
4007,Ronald,,
4008,Ronalda,,
4009,Ronda,,
4010,Ronen,,
4011,Roni,,
4012,Ronica,,
4013,Ronna,,
4014,Ronni,,
4015,Ronnica,,
4016,Ronnie,,
4017,Ronnie,,
4018,Ronny,,
4019,Ronny,,
4020,Roobbie,,
4021,Roosevelt,,
4022,Rora,,
4023,Rori,,
4024,Rorie,,
4025,Rory,,
4026,Rory,,
4027,Ros,,
4028,Rosa,,
4029,Rosabel,,
4030,Rosabella,,
4031,Rosabelle,,
4032,Rosaleen,,
4033,Rosalia,,
4034,Rosalie,,
4035,Rosalind,,
4036,Rosalinda,,
4037,Rosalinde,,
4038,Rosaline,,
4039,Rosalyn,,
4040,Rosalynd,,
4041,Rosamond,,
4042,Rosamund,,
4043,Rosana,,
4044,Rosanna,,
4045,Rosanne,,
4046,Rosario,,
4047,Roscoe,,
4048,Rose,,
4049,Roseann,,
4050,Roseanna,,
4051,Roseanne,,
4052,Roselia,,
4053,Roselin,,
4054,Roseline,,
4055,Rosella,,
4056,Roselle,,
4057,Roselyn,,
4058,Rosemaria,,
4059,Rosemarie,,
4060,Rosemary,,
4061,Rosemonde,,
4062,Rosene,,
4063,Rosetta,,
4064,Rosette,,
4065,Roshelle,,
4066,Rosie,,
4067,Rosina,,
4068,Rosita,,
4069,Roslyn,,
4070,Rosmunda,,
4071,Ross,,
4072,Rosy,,
4073,Roth,,
4074,Rourke,,
4075,Row,,
4076,Rowe,,
4077,Rowena,,
4078,Rowland,,
4079,Roxana,,
4080,Roxane,,
4081,Roxanna,,
4082,Roxanne,,
4083,Rudie,,
4084,Rudiger,,
4085,Rudolf,,
4086,Rudolfo,,
4087,Rudolph,,
4088,Rudy,,
4089,Rudyard,,
4090,Ruella,,
4091,Rufe,,
4092,Rufus,,
4093,Rupert,,
4094,Ruperta,,
4095,Ruperto,,
4096,Russ,,
4097,Russel,,
4098,Russell,,
4099,Rustie,,
4100,Rustin,,
4101,Rusty,,
4102,Rutger,,
4103,Ruth,,
4104,Ruthann,,
4105,Ruthanne,,
4106,Ruthe,,
4107,Rutherford,,
4108,Ruthi,,
4109,Ruthie,,
4110,Ruthy,,
4111,Rutledge,,
4112,Rutter,,
4113,Ryan,,
4114,Ryann,,
4115,Rycca,,
4116,Saba,,
4117,Sabina,,
4118,Sabine,,
4119,Sabra,,
4120,Sabrina,,
4121,Sacha,,
4122,Sada,,
4123,Sadella,,
4124,Sadie,,
4125,Sal,,
4126,Sal,,
4127,Salem,,
4128,Salim,,
4129,Sallee,,
4130,Salli,,
4131,Sallie,,
4132,Sally,,
4133,Sallyann,,
4134,Sallyanne,,
4135,Salman,,
4136,Salmon,,
4137,Salome,,
4138,Salomo,,
4139,Salomon,,
4140,Salomone,,
4141,Salvador,,
4142,Salvatore,,
4143,Salvidor,,
4144,Sam,,
4145,Sam,,
4146,Samantha,,
4147,Samara,,
4148,Samaria,,
4149,Sammie,,
4150,Sammy,,
4151,Sammy,,
4152,Sampson,,
4153,Samson,,
4154,Samuel,,
4155,Samuela,,
4156,Samuele,,
4157,Samuella,,
4158,Saundra,,
4159,Savina,,
4160,Saw,,
4161,Sawyer,,
4162,Sawyere,,
4163,Sax,,
4164,Saxe,,
4165,Saxon,,
4166,Say,,
4167,Sayer,,
4168,Sayers,,
4169,Sayre,,
4170,Sayre,,
4171,Sayres,,
4172,Scarface,,
4173,Scarlet,,
4174,Scarlett,,
4175,Schroeder,,
4176,Schuyler,,
4177,Scot,,
4178,Scott,,
4179,Scotti,,
4180,Scottie,,
4181,Scotty,,
4182,Scotty,,
4183,Seamus,,
4184,Sean,,
4185,Sean,,
4186,Seana,,
4187,Sebastian,,
4188,Sebastiano,,
4189,Sebastien,,
4190,Secunda,,
4191,See,,
4192,Seka,,
4193,Sela,,
4194,Selby,,
4195,Selena,,
4196,Selene,,
4197,Selestina,,
4198,Selia,,
4199,Selie,,
4200,Selig,,
4201,Selina,,
4202,Selinda,,
4203,Seline,,
4204,Sella,,
4205,Selle,,
4206,Selma,,
4207,Sena,,
4208,Sephira,,
4209,Serena,,
4210,Serene,,
4211,Serge,,
4212,Sergeant,,
4213,Sergei,,
4214,Sergent,,
4215,Sergio,,
4216,Seth,,
4217,Seymour,,
4218,Shadow,,
4219,Shaina,,
4220,Shaine,,
4221,Shaine,,
4222,Shalna,,
4223,Shalne,,
4224,Shalom,,
4225,Shamit,,
4226,Shamus,,
4227,Shana,,
4228,Shanan,,
4229,Shanda,,
4230,Shandee,,
4231,Shandie,,
4232,Shandra,,
4233,Shandy,,
4234,Shane,,
4235,Shane,,
4236,Shani,,
4237,Shanie,,
4238,Shanna,,
4239,Shannah,,
4240,Shannan,,
4241,Shannen,,
4242,Shannon,,
4243,Shannon,,
4244,Shanon,,
4245,Shanta,,
4246,Shantee,,
4247,Shara,,
4248,Sharai,,
4249,Shari,,
4250,Sharia,,
4251,Sharie,,
4252,Sharity,,
4253,Sharl,,
4254,Sharla,,
4255,Sharleen,,
4256,Sharlene,,
4257,Sharline,,
4258,Sharna,,
4259,Sharon,,
4260,Sharona,,
4261,Sharra,,
4262,Sharron,,
4263,Sharyl,,
4264,Shaughn,,
4265,Shaun,,
4266,Shaun,,
4267,Shauna,,
4268,Shaw,,
4269,Shawn,,
4270,Shawn,,
4271,Shawna,,
4272,Shawnee,,
4273,Shay,,
4274,Shay,,
4275,Shayla,,
4276,Shaylah,,
4277,Shaylyn,,
4278,Shaylynn,,
4279,Shayna,,
4280,Shayne,,
4281,Shayne,,
4282,Shea,,
4283,Shea,,
4284,Sheba,,
4285,Sheela,,
4286,Sheelagh,,
4287,Sheelah,,
4288,Sheena,,
4289,Sheeree,,
4290,Sheff,,
4291,Sheffie,,
4292,Sheffield,,
4293,Sheffy,,
4294,Sheila,,
4295,Sheila-Kathryn,,
4296,Sheilah,,
4297,Sheilakathryn,,
4298,Shel,,
4299,Shela,,
4300,Shelagh,,
4301,Shelba,,
4302,Shelbi,,
4303,Shelby,,
4304,Shelby,,
4305,Shelden,,
4306,Sheldon,,
4307,Shelia,,
4308,Shell,,
4309,Shell,,
4310,Shelley,,
4311,Shelley,,
4312,Shelli,,
4313,Shellie,,
4314,Shelly,,
4315,Shelton,,
4316,Shem,,
4317,Shena,,
4318,Sher,,
4319,Sheree,,
4320,Sheri,,
4321,Sherie,,
4322,Sheril,,
4323,Sherill,,
4324,Sherilyn,,
4325,Sherline,,
4326,Sherri,,
4327,Sherrie,,
4328,Sherry,,
4329,Sherye,,
4330,Sheryl,,
4331,Shilpa,,
4332,Shina,,
4333,Shir,,
4334,Shira,,
4335,Shirah,,
4336,Shirl,,
4337,Shirlee,,
4338,Shirleen,,
4339,Shirlene,,
4340,Shirley,,
4341,Shirline,,
4342,Shoshana,,
4343,Shoshanna,,
4344,Shoshie,,
4345,Siana,,
4346,Sianna,,
4347,Sib,,
4348,Sibbie,,
4349,Sibby,,
4350,Sibeal,,
4351,Sibel,,
4352,Sibella,,
4353,Sibelle,,
4354,Sibilla,,
4355,Sibley,,
4356,Sibyl,,
4357,Sibylla,,
4358,Sibylle,,
4359,Sidoney,,
4360,Sidonia,,
4361,Sidonnie,,
4362,Sigrid,,
4363,Sile,,
4364,Sileas,,
4365,Silva,,
4366,Silvana,,
4367,Silvia,,
4368,Silvie,,
4369,Simona,,
4370,Simone,,
4371,Simonette,,
4372,Simonne,,
4373,Sindee,,
4374,Sinead,,
4375,Siobhan,,
4376,Sioux,,
4377,Siouxie,,
4378,Sisely,,
4379,Sisile,,
4380,Sissie,,
4381,Sissy,,
4382,Sofia,,
4383,Sofie,,
4384,Solange,,
4385,Sondra,,
4386,Sonia,,
4387,Sonja,,
4388,Sonni,,
4389,Sonnie,,
4390,Stephani,,
4391,Stephanie,,
4392,Stephannie,,
4393,Stephenie,,
4394,Stephi,,
4395,Stephie,,
4396,Stephine,,
4397,Stesha,,
4398,Stevana,,
4399,Stevena,,
4400,Stoddard,,
4401,Storey,,
4402,Storm,,
4403,Stormi,,
4404,Stormie,,
4405,Stormy,,
4406,Sue,,
4407,Sue-elle,,
4408,Suellen,,
4409,Sukey,,
4410,Suki,,
4411,Sula,,
4412,Sunny,,
4413,Sunshine,,
4414,Susan,,
4415,Susana,,
4416,Susanetta,,
4417,Susann,,
4418,Susanna,,
4419,Susannah,,
4420,Susanne,,
4421,Susette,,
4422,Susi,,
4423,Susie,,
4424,Sussi,,
4425,Susy,,
4426,Suzan,,
4427,Suzann,,
4428,Suzanna,,
4429,Suzanne,,
4430,Suzetta,,
4431,Suzette,,
4432,Suzi,,
4433,Suzie,,
4434,Suzy,,
4435,Suzzy,,
4436,Sybil,,
4437,Sybila,,
4438,Sybilla,,
4439,Sybille,,
4440,Sybyl,,
4441,Sydel,,
4442,Sydelle,,
4443,Sydney,,
4444,Sylvia,,
4445,Sylvie,,
4446,Tabatha,,
4447,Tabbatha,,
4448,Tabbi,,
4449,Tabbie,,
4450,Tabbitha,,
4451,Tabby,,
4452,Tabina,,
4453,Tabitha,,
4454,Taffy,,
4455,Talia,,
4456,Tallia,,
4457,Tallie,,
4458,Tally,,
4459,Talya,,
4460,Teane,,
4461,Ted,,
4462,Tedda,,
4463,Teddi,,
4464,Teddie,,
4465,Teddy,,
4466,Tedi,,
4467,Tedra,,
4468,Teena,,
4469,Tella,,
4470,Teodora,,
4471,Tera,,
4472,Teresa,,
4473,TeresaAnne,,
4474,Terese,,
4475,Teresina,,
4476,Teresita,,
4477,Teressa,,
4478,Teri,,
4479,Teriann,,
4480,Terina,,
4481,Terra,,
4482,Terrance,,
4483,Terrel,,
4484,Terrell,,
4485,Terrence,,
4486,Terri,,
4487,Terri,,
4488,Terri-Jo,,
4489,Terrianne,,
4490,Terrie,,
4491,Terrill,,
4492,Terry,,
4493,Terry,,
4494,Terrye,,
4495,Tersina,,
4496,Teryl,,
4497,Terza,,
4498,Tess,,
4499,Tessa,,
4500,Tessi,,
4501,Tessie,,
4502,Tessy,,
4503,Thacher,,
4504,Thad,,
4505,Thaddeus,,
4506,Thaddius,,
4507,Thaddus,,
4508,Thadeus,,
4509,Thain,,
4510,Thaine,,
4511,Thalia,,
4512,Thane,,
4513,Tharen,,
4514,Thatch,,
4515,Thatcher,,
4516,Thaxter,,
4517,Thayne,,
4518,Thea,,
4519,Theada,,
4520,Theadora,,
4521,Thebault,,
4522,Theda,,
4523,Thedric,,
4524,Thedrick,,
4525,Thekla,,
4526,Thelma,,
4527,Theo,,
4528,Theo,,
4529,Theobald,,
4530,Theodor,,
4531,Theodora,,
4532,Theodore,,
4533,Theodoric,,
4534,Theodosia,,
4535,Theophyllus,,
4536,Theresa,,
4537,Theresa-Marie,,
4538,Therese,,
4539,Theresina,,
4540,Theresita,,
4541,Theressa,,
4542,Therine,,
4543,Thia,,
4544,Thibaud,,
4545,Thibaut,,
4546,Thom,,
4547,Thomas,,
4548,Thomasa,,
4549,Thomasin,,
4550,Thomasina,,
4551,Thomasine,,
4552,Thor,,
4553,Thorn,,
4554,Thorndike,,
4555,Thornie,,
4556,Thornton,,
4557,Thorny,,
4558,Thorpe,,
4559,Thorstein,,
4560,Thorsten,,
4561,Thorvald,,
4562,Thurstan,,
4563,Thurston,,
4564,Tia,,
4565,Tiana,,
4566,Tibold,,
4567,Tiebold,,
4568,Tiebout,,
4569,Tiena,,
4570,Tierney,,
4571,Tiertza,,
4572,Tiff,,
4573,Tiffani,,
4574,Tiffanie,,
4575,Tiffany,,
4576,Tiffi,,
4577,Tiffie,,
4578,Tiffy,,
4579,Tilda,,
4580,Tildi,,
4581,Tildie,,
4582,Tildy,,
4583,Tiler,,
4584,Tillie,,
4585,Tilly,,
4586,Tim,,
4587,Tim,,
4588,Timi,,
4589,Timmi,,
4590,Timmie,,
4591,Timmie,,
4592,Timmy,,
4593,Timmy,,
4594,Timothea,,
4595,Timothee,,
4596,Timotheus,,
4597,Timothy,,
4598,Tina,,
4599,Tine,,
4600,Tiphani,,
4601,Tiphanie,,
4602,Tiphany,,
4603,Tirrell,,
4604,Tish,,
4605,Tisha,,
4606,Tito,,
4607,Titos,,
4608,Titus,,
4609,Tonia,,
4610,Tonie,,
4611,Tonnie,,
4612,Tony,,
4613,Tony,,
4614,Tonya,,
4615,Tootsie,,
4616,Tore,,
4617,Torey,,
4618,Torey,,
4619,Tori,,
4620,Torie,,
4621,Torin,,
4622,Torr,,
4623,Torrance,,
4624,Torre,,
4625,Torrence,,
4626,Torrey,,
4627,Torrie,,
4628,Torrin,,
4629,Torry,,
4630,Tory,,
4631,Tova,,
4632,Tove,,
4633,Town,,
4634,Towney,,
4635,Townie,,
4636,Townsend,,
4637,Towny,,
4638,Trace,,
4639,Trace,,
4640,Tracee,,
4641,Tracey,,
4642,Tracey,,
4643,Traci,,
4644,Tracie,,
4645,Tracie,,
4646,Tracy,,
4647,Tracy,,
4648,Traver,,
4649,Travers,,
4650,Travis,,
4651,Tray,,
4652,Tre,,
4653,Tremain,,
4654,Tremaine,,
4655,Tremayne,,
4656,Trenna,,
4657,Trent,,
4658,Trenton,,
4659,Tresa,,
4660,Trescha,,
4661,Tressa,,
4662,Trev,,
4663,Trevar,,
4664,Trever,,
4665,Trevor,,
4666,Trey,,
4667,Tricia,,
4668,Trina,,
4669,Trip,,
4670,Trish,,
4671,Trisha,,
4672,Trista,,
4673,Tristan,,
4674,Trix,,
4675,Trixi,,
4676,Trixie,,
4677,Trixy,,
4678,Troy,,
4679,Truda,,
4680,Trude,,
4681,Trudey,,
4682,Trudi,,
4683,Trudie,,
4684,Trudy,,
4685,Trula,,
4686,Truman,,
4687,Tuck,,
4688,Tucker,,
4689,Tuckie,,
4690,Tucky,,
4691,Tuesday,,
4692,Twila,,
4693,Twyla,,
4694,Tybi,,
4695,Tybie,,
4696,Tyne,,
4697,Ula,,
4698,Ulla,,
4699,Ulrica,,
4700,Ulrika,,
4701,Ulrike,,
4702,Umeko,,
4703,Una,,
4704,Ursa,,
4705,Ursala,,
4706,Ursola,,
4707,Ursula,,
4708,Ursulina,,
4709,Ursuline,,
4710,Uta,,
4711,Vail,,
4712,Val,,
4713,Val,,
4714,Valaree,,
4715,Valaria,,
4716,Valdemar,,
4717,Vale,,
4718,Vale,,
4719,Valeda,,
4720,Valencia,,
4721,Valene,,
4722,Valenka,,
4723,Valentia,,
4724,Valentin,,
4725,Valentina,,
4726,Valentine,,
4727,Valentine,,
4728,Valera,,
4729,Valeria,,
4730,Valerie,,
4731,Valery,,
4732,Valerye,,
4733,Valida,,
4734,Valina,,
4735,Valli,,
4736,Vallie,,
4737,Vally,,
4738,Valma,,
4739,Valry,,
4740,Van,,
4741,Van,,
4742,Vance,,
4743,Vanda,,
4744,Vanessa,,
4745,Vania,,
4746,Vanna,,
4747,Vanni,,
4748,Vannie,,
4749,Vanny,,
4750,Vanya,,
4751,Vasili,,
4752,Vasilis,,
4753,Vasily,,
4754,Vassili,,
4755,Vassily,,
4756,Vaughan,,
4757,Vaughn,,
4758,Veda,,
4759,Velma,,
4760,Velvet,,
4761,Vena,,
4762,Venita,,
4763,Venkat,,
4764,Ventura,,
4765,Venus,,
4766,Vera,,
4767,Veradis,,
4768,Vere,,
4769,Verena,,
4770,Verene,,
4771,Verge,,
4772,Vergil,,
4773,Veriee,,
4774,Verile,,
4775,Verina,,
4776,Verine,,
4777,Verla,,
4778,Vern,,
4779,Verna,,
4780,Verne,,
4781,Vernen,,
4782,Verney,,
4783,Vernice,,
4784,Vernon,,
4785,Vernor,,
4786,Veronica,,
4787,Veronika,,
4788,Veronike,,
4789,Veronique,,
4790,Vi,,
4791,Vibhu,,
4792,Vic,,
4793,Vick,,
4794,Vicki,,
4795,Vickie,,
4796,Vicky,,
4797,Victor,,
4798,Victoria,,
4799,Vida,,
4800,Vijay,,
4801,Viki,,
4802,Vikki,,
4803,Vikkie,,
4804,Vikky,,
4805,Vilhelm,,
4806,Vilhelmina,,
4807,Vilma,,
4808,Vin,,
4809,Vin,,
4810,Vina,,
4811,Vince,,
4812,Vincent,,
4813,Vincents,,
4814,Vinita,,
4815,Vinni,,
4816,Vinnie,,
4817,Vinnie,,
4818,Vinny,,
4819,Vinny,,
4820,Vinod,,
4821,Viola,,
4822,Violante,,
4823,Viole,,
4824,Violet,,
4825,Violetta,,
4826,Violette,,
4827,Virge,,
4828,Virgie,,
4829,Virgie,,
4830,Virgil,,
4831,Virgilio,,
4832,Virgina,,
4833,Virginia,,
4834,Virginie,,
4835,Vita,,
4836,Vite,,
4837,Vitia,,
4838,Vito,,
4839,Vitoria,,
4840,Vittoria,,
4841,Viv,,
4842,Viva,,
4843,Vivi,,
4844,Vladimir,,
4845,Voltaire,,
4846,Von,,
4847,Vonni,,
4848,Vonnie,,
4849,Vonny,,
4850,Wade,,
4851,Wadsworth,,
4852,Wain,,
4853,Waine,,
4854,Wainwright,,
4855,Wait,,
4856,Waite,,
4857,Waiter,,
4858,Wake,,
4859,Wakefield,,
4860,Wald,,
4861,Waldemar,,
4862,Walden,,
4863,Waldo,,
4864,Waldon,,
4865,Waleed,,
4866,Walker,,
4867,Wallace,,
4868,Wallache,,
4869,Wallas,,
4870,Wallie,,
4871,Wallie,,
4872,Wallis,,
4873,Wallis,,
4874,Wally,,
4875,Wally,,
4876,Walsh,,
4877,Walt,,
4878,Walter,,
4879,Walther,,
4880,Walton,,
4881,Waly,,
4882,Wanda,,
4883,Wandie,,
4884,Wandis,,
4885,Waneta,,
4886,Wang,,
4887,Ward,,
4888,Warde,,
4889,Warden,,
4890,Ware,,
4891,Waring,,
4892,Warner,,
4893,Warren,,
4894,Wash,,
4895,Washington,,
4896,Wat,,
4897,Waverley,,
4898,Waverly,,
4899,Way,,
4900,Waylan,,
4901,Wayland,,
4902,Waylen,,
4903,Waylin,,
4904,Waylon,,
4905,Wayne,,
4906,Web,,
4907,Webb,,
4908,Weber,,
4909,Webster,,
4910,Weidar,,
4911,Weider,,
4912,Welbie,,
4913,Welby,,
4914,Welch,,
4915,Wells,,
4916,Welsh,,
4917,Wenda,,
4918,Wendall,,
4919,Wendel,,
4920,Wendeline,,
4921,Wendell,,
4922,Wendi,,
4923,Wendie,,
4924,Wendy,,
4925,Wenona,,
4926,Wenonah,,
4927,Werner,,
4928,Wes,,
4929,Wesley,,
4930,Weslie,,
4931,West,,
4932,Westbrook,,
4933,Westbrooke,,
4934,Westleigh,,
4935,Westley,,
4936,Weston,,
4937,Weylin,,
4938,Wheeler,,
4939,Whit,,
4940,Whitaker,,
4941,Whitby,,
4942,Whitman,,
4943,Whitney,,
4944,Whitney,,
4945,Whittaker,,
4946,Wiatt,,
4947,Wilber,,
4948,Wilbert,,
4949,Wilbur,,
4950,Wilburn,,
4951,Wilburt,,
4952,Wilden,,
4953,Wildon,,
4954,Wileen,,
4955,Wilek,,
4956,Wiley,,
4957,Wilfred,,
4958,Wilfrid,,
4959,Wilhelm,,
4960,Wilhelmina,,
4961,Wilhelmine,,
4962,Wilie,,
4963,Will,,
4964,Willa,,
4965,Willabella,,
4966,Willamina,,
4967,Willard,,
4968,Willdon,,
4969,Willem,,
4970,Willetta,,
4971,Willette,,
4972,Willey,,
4973,Willi,,
4974,Willi,,
4975,William,,
4976,Willie,,
4977,Willie,,
4978,Willis,,
4979,Willmott,,
4980,Willow,,
4981,Willy,,
4982,Willy,,
4983,Willyt,,
4984,Wilma,,
4985,Wilmar,,
4986,Wilmer,,
4987,Wilmette,,
4988,Wilona,,
4989,Wilone,,
4990,Wilow,,
4991,Wilson,,
4992,Wilt,,
4993,Wilton,,
4994,Win,,
4995,Windham,,
4996,Windy,,
4997,Winslow,,
4998,Winston,,
4999,Winthrop,,
5000,Winton,,
5001,Wit,,
5002,Witold,,
5003,Wittie,,
5004,Witty,,
5005,Wojciech,,
5006,Wolf,,
5007,Wolfgang,,
5008,Wolfie,,
5009,Wolfram,,
5010,Wolfy,,
5011,Woochang,,
5012,Wood,,
5013,Woodie,,
5014,Woodman,,
5015,Woodrow,,
5016,Woody,,
5017,Worden,,
5018,Worth,,
5019,Worthington,,
5020,Worthy,,
5021,Wren,,
5022,Wrennie,,
5023,Wright,,
5024,Wyatan,,
5025,Wyatt,,
5026,Wye,,
5027,Wylie,,
5028,Wylma,,
5029,Wyn,,
5030,Wyndham,,
5031,Wynn,,
5032,Wynn,,
5033,Wynne,,
5034,Wynnie,,
5035,Wynny,,
5036,Wynton,,
5037,Xavier,,
5038,Xaviera,,
5039,Xena,,
5040,Xenia,,
5041,Xenos,,
5042,Xerxes,,
5043,Xever,,
5044,Ximenes,,
5045,Ximenez,,
5046,Xylia,,
5047,Xylina,,
5048,Xymenes,,
5049,Yaakov,,
5050,Yacov,,
5051,Yale,,
5052,Yalonda,,
5053,Yanaton,,
5054,Yance,,
5055,Yancey,,
5056,Yancy,,
5057,Yank,,
5058,Yankee,,
5059,Yard,,
5060,Yardley,,
5061,Yehudi,,
5062,Yehudit,,
5063,Yelena,,
5064,Yetta,,
5065,Yettie,,
5066,Yetty,,
5067,Yevette,,
5068,Yigal,,
5069,Yoko,,
5070,Yolanda,,
5071,Yolande,,
5072,Yolane,,
5073,Yolanthe,,
5074,Yonina,,
5075,Yoshi,,
5076,Yoshiko,,
5077,Yovonnda,,
5078,Yule,,
5079,Yuri,,
5080,Yves,,
5081,Yvette,,
5082,Yvonne,,
5083,Zabrina,,
5084,Zach,,
5085,Zelda,,
5086,Zelma,,
